management,S_address,L_address,purpose,camera_num,camera_pixel,shoot_info,storage_days,installed_date,phone,latitude,longitude,data_date
서울특별시  양천구청,서울특별시 양천구 목동동로 293,서울특별시 양천구 목1동 917-9,생활방범,5,200,360도 전방,30,2001-12,02-2620-4793,37.527618,126.87652800000001,2020-05-18
서울특별시  양천구청,서울특별시 양천구 오목로 319,서울특별시 양천구 목1동 406-35,생활방범,4,200,360도 전방,30,2001-12,02-2620-4793,37.52503,126.87321000000001,2020-05-18
서울특별시  양천구청,서울특별시 양천구 목동로210,서울특별시 양천구 목1동 목동 810-1,생활방범,5,200,360도 전방,30,2001-12,02-2620-4793,37.52756,126.86421999999999,2020-05-18
서울특별시  양천구청,서울특별시 양천구 목동동로 12길 53,서울특별시 양천구 목동 404-61,생활방범,5,200,360도 전방,30,2001-12,02-2620-4793,37.522365,126.87751999999999,2020-05-18
서울특별시  양천구청,서울특별시 양천구 목동서로 77,서울특별시 양천구 목동 907,생활방범,4,200,360도 전방,30,2001-12,02-2620-4793,37.536178,126.877581,2020-05-18
서울특별시  양천구청,서울특별시 양천구 목동동로 419,서울특별시 양천구 목동 909-9,생활방범,5,200,360도 전방,30,2001-12,02-2620-4793,37.536514000000004,126.88321100000002,2020-05-18
서울특별시  양천구청,서울특별시 양천구 목동중앙로 129,서울특별시 양천구 목동 199-66,생활방범,4,200,360도 전방,30,2001-12,02-2620-4793,37.539722,126.875483,2020-05-18
서울특별시  양천구청,서울특별시 양천구 목동중앙본로18길 39,서울특별시 양천구 목2동 231-98,생활방범,5,200,360도 전방,30,2001-12,02-2620-4793,37.541094,126.871328,2020-05-18
서울특별시  양천구청,서울특별시 양천구 목동중앙북로16길 33,서울특별시 양천구 목동 536,생활방범,4,200,360도 전방,30,2001-12,02-2620-4793,37.544742,126.874315,2020-05-18
서울특별시  양천구청,서울특별시 양천구 목동중앙남로16가길 16-17,서울특별시 양천구 목3동 324-188,생활방범,5,200,360도 전방,30,2001-12,02-2620-4793,37.543582,126.864263,2020-05-18
서울특별시  양천구청,서울특별시 양천구 목동중앙남로9길 38,서울특별시 양천구 목4동 725-3,생활방범,5,200,360도 전방,30,2001-12,02-2620-4793,37.537908,126.864595,2020-05-18
서울특별시  양천구청,서울특별시 양천구 목동중앙로5길 49,서울특별시 양천구 목4동 760-1,생활방범,4,200,360도 전방,30,2001-12,02-2620-4793,37.538315999999995,126.869828,2020-05-18
서울특별시  양천구청,서울특별시 양천구 목동중앙본로15길 20,서울특별시 양천구 목2동 315-33,생활방범,3,200,360도 전방,30,2001-12,02-2620-4793,37.541472999999996,126.868195,2020-05-18
서울특별시  양천구청,서울특별시 양천구 목동중앙본로22길 63-1,서울특별시 양천구 목2동 231-145,생활방범,3,200,360도 전방,30,2001-12,02-2620-4793,37.541224,126.87278400000001,2020-05-18
서울특별시  양천구청,서울특별시 양천구 목동중앙본로32길 39,서울특별시 양천구 목2동 527-19,생활방범,3,200,360도 전방,30,2001-12,02-2620-4793,37.54312,126.87501999999999,2020-05-18
서울특별시  양천구청,서울특별시 양천구 목동동로 379,서울특별시 양천구 목5동 907-17,생활방범,3,200,360도 전방,30,2001-12,02-2620-4793,37.53577,126.87886200000001,2020-05-18
서울특별시  양천구청,서울특별시 양천구 목동중앙남로16다길 1,서울특별시 양천구 목3동 318-31,생활방범,3,200,360도 전방,30,2001-12,02-2620-4793,37.543178000000005,126.865926,2020-05-18
서울특별시  양천구청,서울특별시 양천구 목동중앙남로13길 7-12,서울특별시 양천구 목동 720-11,생활방범,3,200,360도 전방,30,2001-12,02-2620-4793,37.539682,126.86541100000001,2020-05-18
서울특별시  양천구청,서울특별시 양천구 목동중앙남로 61,서울특별시 양천구 목동 723-11,생활방범,3,200,360도 전방,30,2001-12,02-2620-4793,37.539271,126.866256,2020-05-18
서울특별시  양천구청,서울특별시 양천구 오목로 276-6,서울특별시 양천구 목1동 408-53,생활방범,3,200,360도 전방,30,2001-12,02-2620-4793,37.524861,126.86797299999999,2020-05-18
서울특별시  양천구청,서울특별시 양천구 목동동로 240,서울특별시 양천구 목1동 932-4,생활방범,3,200,360도 전방,30,2001-12,02-2620-4793,37.525661,126.87351899999999,2020-05-18
서울특별시  양천구청,서울특별시 양천구 목동중앙본로32길 42,서울특별시 양천구 목2동 535-1,생활방범,3,200,360도 전방,30,2001-12,02-2620-4793,37.545303000000004,126.87341299999999,2020-05-18
서울특별시  양천구청,서울특별시 양천구 목동중앙북로16길 56,서울특별시 양천구 목2동 543-15,생활방범,3,200,360도 전방,30,2001-12,02-2620-4793,37.543586,126.87418999999998,2020-05-18
서울특별시  양천구청,서울특별시 양천구 목동중앙본로20길 19,서울특별시 양천구 목2동 231-25,생활방범,3,200,360도 전방,30,2001-12,02-2620-4793,37.541798,126.870746,2020-05-18
서울특별시  양천구청,서울특별시 양천구 목동중앙북로16길 117,서울특별시 양천구 목2동 556-1,생활방범,3,200,360도 전방,30,2001-12,02-2620-4793,37.542876,126.871843,2020-05-18
서울특별시  양천구청,서울특별시 양천구 공항대로 572,서울특별시 양천구 목동 600-1,생활방범,3,200,360도 전방,30,2001-12,02-2620-4793,37.545524,126.866699,2020-05-18
서울특별시  양천구청,서울특별시 양천구 목동중앙남로14길 11,서울특별시 양천구 목3동 716-14,생활방범,3,200,360도 전방,30,2001-12,02-2620-4793,37.540428000000006,126.866395,2020-05-18
서울특별시  양천구청,서울특별시 양천구 목동중앙북로 29,서울특별시 양천구 목3동 610-19,생활방범,3,200,360도 전방,30,2001-12,02-2620-4793,37.54804,126.866817,2020-05-18
서울특별시  양천구청,서울특별시 양천구 목동중앙본로7가길 67-12,서울특별시 양천구 목3동 318-103,생활방범,3,200,360도 전방,30,2001-12,02-2620-4793,37.542125,126.866339,2020-05-18
서울특별시  양천구청,서울특별시 양천구 목동중앙북로7가길 30,서울특별시 양천구 목3동 608-8,생활방범,3,200,360도 전방,30,2001-12,02-2620-4793,37.549211,126.865765,2020-05-18
서울특별시  양천구청,서울특별시 양천구 목동중앙서로7길 7,서울특별시 양천구 목동 790-17,생활방범,3,200,360도 전방,30,2001-12,02-2620-4793,37.533127,126.866031,2020-05-18
서울특별시  양천구청,서울특별시 양천구 목동중앙서로11길 48,서울특별시 양천구 목4동 771-5,생활방범,3,200,360도 전방,30,2001-12,02-2620-4793,37.534694,126.86723300000001,2020-05-18
서울특별시  양천구청,서울특별시 양천구 목동중앙서로8길 30-5,서울특별시 양천구 목4동 804-13,생활방범,3,200,360도 전방,30,2001-12,02-2620-4793,37.531287,126.865679,2020-05-18
서울특별시  양천구청,서울특별시 양천구 목동중앙서로11길 11,서울특별시 양천구 목동 774-12,생활방범,3,200,360도 전방,30,2001-12,02-2620-4793,37.533530999999996,126.86918600000001,2020-05-18
서울특별시  양천구청,서울특별시 양천구 목동중앙로5가길 8,서울특별시 양천구 목4동 753-11,생활방범,3,200,360도 전방,30,2001-12,02-2620-4793,37.537498,126.871696,2020-05-18
서울특별시  양천구청,서울특별시 양천구 목동중앙남로3길 60,서울특별시 양천구 목4동 734-23,생활방범,3,200,360도 전방,30,2001-12,02-2620-4793,37.5356,126.864194,2020-05-18
서울특별시  양천구청,서울특별시 양천구 목동중앙로3길 94,서울특별시 양천구 목4동 741-6,생활방범,3,200,360도 전방,30,2001-12,02-2620-4793,37.538911999999996,126.86763700000002,2020-05-18
서울특별시  양천구청,서울특별시 양천구 목동 911-5,서울특별시 양천구 목동 911-5,생활방범,3,200,360도 전방,30,2001-12,02-2620-4793,37.534656,126.88646899999999,2020-05-18
서울특별시  양천구청,서울특별시 양천구 목동 912-3,서울특별시 양천구 목동 912-3,생활방범,3,200,360도 전방,30,2001-12,02-2620-4793,37.533294,126.88401699999999,2020-05-18
서울특별시  양천구청,서울특별시 양천구 신목로 100-8,서울특별시 양천구 목1동 404-78,생활방범,4,130,360도 전방,30,2001-12,02-2620-4793,37.523255,126.87615900000002,2020-05-18
서울특별시  양천구청,서울특별시 양천구 오목로300,서울특별시 양천구 목1동 하이페리온2 203동-204동 사이,생활방범,4,130,360도 전방,30,2001-12,02-2620-4793,37.524159999999995,126.87033000000001,2020-05-18
서울특별시  양천구청,서울특별시 양천구 목동중앙로13다길 4,서울특별시 양천구 목2동 131-40,생활방범,4,130,360도 전방,30,2001-12,02-2620-4793,37.544752,126.880853,2020-05-18
서울특별시  양천구청,서울특별시 양천구 목동중앙본로18길 82,서울특별시 양천구 목2동 231-187,생활방범,3,130,360도 전방,30,2001-12,02-2620-4793,37.540045,126.87323799999999,2020-05-18
서울특별시  양천구청,서울특별시 양천구 목동중앙북로 121,서울특별시 양천구목2동 516-12,생활방범,4,130,360도 전방,30,2001-12,02-2620-4793,37.546356,126.87677,2020-05-18
서울특별시  양천구청,서울특별시 양천구 목동중앙북로20길 27,서울특별시 양천구 목2동 523-54,생활방범,5,130,360도 전방,30,2001-12,02-2620-4793,37.545010999999995,126.875754,2020-05-18
서울특별시  양천구청,서울특별시 양천구 목동중앙본로7가길 28,서울특별시 양천구 목3동 318-222,생활방범,4,130,360도 전방,30,2001-12,02-2620-4793,37.540732,126.867131,2020-05-18
서울특별시  양천구청,서울특별시 양천구 목동중앙북로 8,서울특별시 양천구 목3동 615-1,생활방범,4,130,360도 전방,30,2001-12,02-2620-4793,37.548491999999996,126.86476100000002,2020-05-18
서울특별시  양천구청,서울특별시 양천구 목동중앙본로7가길 51,서울특별시 양천구 목3동 318-169,생활방범,4,130,360도 전방,30,2001-12,02-2620-4793,37.541927,126.866744,2020-05-18
서울특별시  양천구청,서울특별시 양천구 목동중앙본로5길 29,서울특별시 양천구 목4동 745-9,생활방범,4,130,360도 전방,30,2001-12,02-2620-4793,37.538482,126.868164,2020-05-18
서울특별시  양천구청,서울특별시 양천구 목동중앙서로11길 68,서울특별시 양천구목4동 780-18,생활방범,4,130,360도 전방,30,2001-12,02-2620-4793,37.534939,126.866459,2020-05-18
서울특별시  양천구청,서울특별시 양천구 목동중앙서로7가길 32,서울특별시 양천구 목4동 788-11,생활방범,3,130,360도 전방,30,2001-12,02-2620-4793,37.533417,126.864286,2020-05-18
서울특별시  양천구청,서울특별시 양천구 목동중앙서로6길 38,서울특별시 양천구 목4동 806-5,생활방범,4,130,360도 전방,30,2001-12,02-2620-4793,37.531079,126.865177,2020-05-18
서울특별시  양천구청,서울특별시 양천구 오목로54길 8-7,서울특별시 양천구 목1동 405-72,생활방범,5,130,360도 전방,30,2001-12,02-2620-4793,37.523845,126.872993,2020-05-18
서울특별시  양천구청,서울특별시 양천구 목동중앙로9길 21,서울특별시 양천구 목2동 222-70,생활방범,4,130,360도 전방,30,2001-12,02-2620-4793,37.539169,126.872863,2020-05-18
서울특별시  양천구청,서울특별시 양천구 목동중앙북로24길 77,서울특별시 양천구목2동 539-9,생활방범,5,130,360도 전방,30,2001-12,02-2620-4793,37.54383,126.87570900000001,2020-05-18
서울특별시  양천구청,서울특별시 양천구 목동중앙본로28길 37-11,서울특별시 양천구 목2동 545-13,생활방범,4,130,360도 전방,30,2001-12,02-2620-4793,37.543647,126.87271100000001,2020-05-18
서울특별시  양천구청,서울특별시 양천구 목동중앙로13다길 34,서울특별시 양천구 목2동 131-46,생활방범,4,130,360도 전방,30,2001-12,02-2620-4793,37.543712,126.88134,2020-05-18
서울특별시  양천구청,서울특별시 양천구 목동중앙로7길 8,서울특별시 양천구 목2동 222-46,생활방범,4,130,360도 전방,30,2001-12,02-2620-4793,37.537982,126.87209299999999,2020-05-18
서울특별시  양천구청,서울특별시 양천구 목동중앙남로16나길 60,서울특별시 양천구 목3동 646-25,생활방범,5,130,360도 전방,30,2001-12,02-2620-4793,37.544971000000004,126.864372,2020-05-18
서울특별시  양천구청,서울특별시 양천구 목동중앙남로16다길 38-11,서울특별시 양천구 목3동 324-31,생활방범,5,130,360도 전방,30,2001-12,02-2620-4793,37.544109000000006,126.86495900000001,2020-05-18
서울특별시  양천구청,서울특별시 양천구 목동중앙남로16다길 14-7,서울특별시 양천구 목3동 324-100,생활방범,4,130,360도 전방,30,2001-12,02-2620-4793,37.544174,126.86363899999999,2020-05-18
서울특별시  양천구청,서울특별시 양천구 목동중앙서로8가길 25-5,서울특별시 양천구 목4동 806-10,생활방범,4,130,360도 전방,30,2001-12,02-2620-4793,37.530772999999996,126.864723,2020-05-18
서울특별시  양천구청,서울특별시 양천구 목동중앙서로3길 24,서울특별시 양천구 목동 789-32,생활방범,5,130,360도 전방,30,2001-12,02-2620-4793,37.533702000000005,126.864929,2020-05-18
서울특별시  양천구청,서울특별시 양천구 목동중앙서로7길 17-13,서울특별시 양천구목4동 789-29,생활방범,3,130,360도 전방,30,2001-12,02-2620-4793,37.533634,126.86531799999999,2020-05-18
서울특별시  양천구청,서울특별시 양천구 목동중앙남로5길 23,서울특별시 양천구 목동 732-27,생활방범,5,130,360도 전방,30,2001-12,02-2620-4793,37.536876,126.86578300000001,2020-05-18
서울특별시  양천구청,서울특별시 양천구 목동중앙본로3길 30,서울특별시 양천구 목4동 745-13,생활방범,5,130,360도 전방,30,2001-12,02-2620-4793,37.538238,126.868774,2020-05-18
서울특별시  양천구청,서울특별시 양천구 목동중앙서로11길 30-23,서울특별시 양천구 목4동 771-29,생활방범,4,130,360도 전방,30,2001-12,02-2620-4793,37.534202,126.86893400000001,2020-05-18
서울특별시  양천구청,서울특별시 양천구 목5동 904-2,서울특별시 양천구 목5동 904-2 4단지 415동 앞 공원 뚝길,생활방범,5,130,360도 전방,30,2001-12,02-2620-4793,37.531219,126.87351899999999,2020-05-18
서울특별시  양천구청,서울특별시 양천구 목동동로 266,서울특별시 양천구 목동 406-25,생활방범,4,130,360도 전방,30,2001-12,02-2620-4793,37.525859999999994,126.87548000000001,2020-05-18
서울특별시  양천구청,서울특별시 양천구 목동중앙북로14길 41,서울특별시 양천구 목2동535-30,생활방범,4,130,360도 전방,30,2001-12,02-2620-4793,37.54437,126.87329,2020-05-18
서울특별시  양천구청,서울특별시 양천구 목동중앙본로18가길 23,서울특별시 양천구 목2동 232-30,생활방범,4,130,360도 전방,30,2001-12,02-2620-4793,37.54063,126.869876,2020-05-18
서울특별시  양천구청,서울특별시 양천구 목동중앙본로30길 34,서울특별시 양천구 목동 545,생활방범,4,130,360도 전방,30,2001-12,02-2620-4793,37.544152000000004,126.87213600000001,2020-05-18
서울특별시  양천구청,서울특별시 양천구 목동중앙남로14가길 40,서울특별시 양천구 목3동 318-64,생활방범,4,130,360도 전방,30,2001-12,02-2620-4793,37.542112,126.86536299999999,2020-05-18
서울특별시  양천구청,서울특별시 양천구 목동중앙서로7다길 28,서울특별시 양천구 목4동 781-33,생활방범,3,130,360도 전방,30,2001-12,02-2620-4793,37.535463,126.86501499999999,2020-05-18
서울특별시  양천구청,서울특별시 양천구 목동중앙남로3길 35,서울특별시 양천구 목4동 781-8,생활방범,5,130,360도 전방,30,2001-12,02-2620-4793,37.535563,126.86559,2020-05-18
서울특별시  양천구청,서울특별시 양천구 목동중앙서로 16,서울특별시 양천구 목4동 796-1,생활방범,4,130,360도 전방,30,2001-12,02-2620-4793,37.532486999999996,126.865633,2020-05-18
서울특별시  양천구청,서울특별시 양천구 오목로54길 13,서울특별시 양천구 목1동 405-34,생활방범,3,200,360도 전방,30,2001-12,02-2620-4793,37.52333,126.87418999999998,2020-05-18
서울특별시  양천구청,서울특별시 양천구 목동중앙본로30가길 25,서울특별시 양천구 목2동 531-2,생활방범,4,200,360도 전방,30,2001-12,02-2620-4793,37.54517,126.87145,2020-05-18
서울특별시  양천구청,서울특별시 양천구 목동중앙본로31길 29,서울특별시 양천구 목2동 499-18,생활방범,4,200,360도 전방,30,2001-12,02-2620-4793,37.54568,126.86948000000001,2020-05-18
서울특별시  양천구청,서울특별시 양천구 목동중앙남로16가길 26,서울특별시 양천구 목3동 324-207,생활방범,3,200,360도 전방,30,2001-12,02-2620-4793,37.54294,126.86353000000001,2020-05-18
서울특별시  양천구청,서울특별시 양천구 목동중앙남로14가길 11,서울특별시 양천구 목동 716-4,생활방범,3,200,360도 전방,30,2001-12,02-2620-4793,37.54115,126.86613999999999,2020-05-18
서울특별시  양천구청,서울특별시 양천구 목동중앙서로7길 33,서울특별시 양천구 목4동 789-1,생활방범,4,200,360도 전방,30,2001-12,02-2620-4793,37.53412,126.86568999999999,2020-05-18
서울특별시  양천구청,서울특별시 양천구 목동동로 206-3,서울특별시 양천구 목1동 405-208,생활방범,4,200,360도 전방,30,2001-12,02-2620-4793,37.524287,126.872022,2020-05-18
서울특별시  양천구청,서울특별시 양천구 목동중앙본로24길 15,서울특별시 양천구 목동42-101,생활방범,4,200,360도 전방,30,2001-12,02-2620-4793,37.5423,126.87053999999999,2020-05-18
서울특별시  양천구청,서울특별시 양천구 목동중앙본로27길 37,서울특별시 양천구 목2동 553-21,생활방범,5,200,360도 전방,30,2001-12,02-2620-4793,37.544126,126.869223,2020-05-18
서울특별시  양천구청,서울특별시 양천구 목동중앙북로8길 100,서울특별시 양천구 목3동 639-5,생활방범,4,200,360도 전방,30,2001-12,02-2620-4793,37.546201,126.866786,2020-05-18
서울특별시  양천구청,서울특별시 양천구 목동중앙서로7나길 11,서울특별시 양천구 목동 786-6,생활방범,5,200,360도 전방,30,2001-12,02-2620-4793,37.541701,126.86699099999998,2020-05-18
서울특별시  양천구청,서울특별시 양천구 목동중앙본로18길 53,서울특별시 양천구 목2동231-93,생활방범,5,200,360도 전방,30,2001-12,02-2620-4793,37.540644,126.87209399999999,2020-05-18
서울특별시  양천구청,서울특별시 양천구 목동중앙북로 107,서울특별시 양천구 목2동 515-30,생활방범,5,200,360도 전방,30,2001-12,02-2620-4793,37.546271000000004,126.875001,2020-05-18
서울특별시  양천구청,서울특별시 양천구 목동중앙북로 57,서울특별시 양천구 목2동 600-7,생활방범,5,200,360도 전방,30,2001-12,02-2620-4793,37.546994,126.870044,2020-05-18
서울특별시  양천구청,서울특별시 양천구 목동중앙북로6길 9,서울특별시 양천구 목3동 617-11,생활방범,5,200,360도 전방,30,2001-12,02-2620-4793,37.547940000000004,126.86499099999999,2020-05-18
서울특별시  양천구청,서울특별시 양천구 목동중앙북로6길 35,서울특별시 양천구 목3동 625-18,생활방범,4,200,360도 전방,30,2001-12,02-2620-4793,37.546717,126.86468500000001,2020-05-18
서울특별시  양천구청,서울특별시 양천구 목동중앙남로3가길 99,서울특별시 양천구 목3동 721-13,생활방범,5,200,360도 전방,30,2001-12,02-2620-4793,37.540196,126.86444499999999,2020-05-18
서울특별시  양천구청,서울특별시 양천구 목동중앙남로16마길 35-17,서울특별시 양천구 목3동 644-1,생활방범,4,200,360도 전방,30,2001-12,02-2620-4793,37.545215999999996,126.86319099999999,2020-05-18
서울특별시  양천구청,서울특별시 양천구 목동중앙로3길 70,서울특별시 양천구 목4동 744-5,생활방범,4,200,360도 전방,30,2001-12,02-2620-4793,37.53784,126.86778500000001,2020-05-18
서울특별시  양천구청,서울특별시 양천구 등촌로 46-1,서울특별시 양천구 목4동 787-18,생활방범,4,200,360도 전방,30,2001-12,02-2620-4793,37.5339,126.86368200000001,2020-05-18
서울특별시  양천구청,서울특별시 양천구 안양천로 1139,서울특별시 양천구 목5동 900-11,생활방범,3,200,360도 전방,30,2001-12,02-2620-4793,37.542788,126.88422,2020-05-18
서울특별시  양천구청,서울특별시 양천구 목동 927-12 진명여고 정문,서울특별시 양천구 목동 927-12 진명여고 정문,생활방범,3,200,360도 전방,30,2001-12,02-2620-4793,37.523668,126.865105,2020-05-18
서울특별시  양천구청,서울특별시 양천구 목동중앙북로8길 111 금호130동-롯데캐슬111동 사이 금호부동산 앞,서울특별시 양천구 목2동 549 금호130동-롯데캐슬111동 사이 금호부동산 앞,생활방범,2,130,240도 전방,30,2001-12,02-2620-4793,37.54569,126.86778999999999,2020-05-18
서울특별시  양천구청,서울특별시 양천구 목동중앙서로4길 16,서울특별시 양천구 목4동 794-10,생활방범,4,200,360도 전방,30,2001-12,02-2620-4793,37.531659999999995,126.86498999999999,2020-05-18
서울특별시  양천구청,서울특별시 양천구 신목로2길 68,서울특별시 양천구 목1동 404-5,생활방범,5,200,360도 전방,30,2001-12,02-2620-4793,37.524144,126.87713600000001,2020-05-18
서울특별시  양천구청,서울특별시 양천구 목동동로 353,서울특별시 양천구 목5동 905-3,생활방범,5,200,360도 전방,30,2001-12,02-2620-4793,37.533689,126.876855,2020-05-18
서울특별시  양천구청,서울특별시 양천구 오목로56길 8,서울특별시 양천구 목1동 405-146,생활방범,1,200,120도 전방,30,2001-12,02-2620-4793,37.523740000000004,126.87393,2020-05-18
서울특별시  양천구청,서울특별시 양천구 목동중앙본로26길 19,서울특별시 양천구 목2동 42-18,생활방범,2,200,240도 전방,30,2001-12,02-2620-4793,37.542619,126.871532,2020-05-18
서울특별시  양천구청,서울특별시 양천구 목동중앙북로20길 7-24,서울특별시 양천구 목2동 523-32,생활방범,2,200,240도 전방,30,2001-12,02-2620-4793,37.544987,126.876227,2020-05-18
서울특별시  양천구청,서울특별시 양천구 목동중앙본로18가길 13-1,서울특별시 양천구 목2동 230-1,생활방범,1,200,120도 전방,30,2001-12,02-2620-4793,37.54085,126.87045,2020-05-18
서울특별시  양천구청,서울특별시 양천구 목동중앙북로 102-29,서울특별시 양천구 목2동 537,생활방범,3,200,360도 전방,30,2001-12,02-2620-4793,37.544847,126.874425,2020-05-18
서울특별시  양천구청,서울특별시 양천구 목동중앙본로7가길 68-19,서울특별시 양천구 목3동 318-282,생활방범,1,200,120도 전방,30,2001-12,02-2620-4793,37.542809999999996,126.86755500000001,2020-05-18
서울특별시  양천구청,서울특별시 양천구 목동중앙본로7가길 5,서울특별시 양천구 목3동 717-18,생활방범,3,200,360도 전방,30,2001-12,02-2620-4793,37.539849,126.866945,2020-05-18
서울특별시  양천구청,서울특별시 양천구 목동중앙본로7가길 70-12,서울특별시 양천구 목동 318-122,생활방범,2,200,240도 전방,30,2001-12,02-2620-4793,37.543091,126.8669,2020-05-18
서울특별시  양천구청,서울특별시 양천구 목동중앙남로5길 12,서울특별시 양천구 목4동 727-16,생활방범,1,200,120도 전방,30,2001-12,02-2620-4793,37.536994,126.86521699999999,2020-05-18
서울특별시  양천구청,서울특별시 양천구 목동중앙남로 32,서울특별시 양천구 목동 736-9,생활방범,2,200,240도 전방,30,2001-12,02-2620-4793,37.53842,126.866601,2020-05-18
서울특별시  양천구청,서울특별시 양천구 목동중앙남로10길 13,서울특별시 양천구 목동 740-29,생활방범,1,200,120도 전방,30,2001-12,02-2620-4793,37.538154,126.86728000000001,2020-05-18
서울특별시  양천구청,서울특별시 양천구 목동중앙서로8길 35,서울특별시 양천구 목4동 803-33,생활방범,2,200,240도 전방,30,2001-12,02-2620-4793,37.531024,126.86624199999999,2020-05-18
서울특별시  양천구청,서울특별시 양천구 목동동로12길 39,서울특별시 양천구 목1동 404-198,생활방범,1,200,120도 전방,30,2001-12,02-2620-4793,37.52262,126.875689,2020-05-18
서울특별시  양천구청,서울특별시 양천구 목동중앙북로 131,서울특별시 양천구 목동 516-6,생활방범,3,200,360도 전방,30,2001-12,02-2620-4793,37.546601,126.87783600000002,2020-05-18
서울특별시  양천구청,서울특별시 양천구 목동중앙본로 43,서울특별시 양천구 목동 237,생활방범,4,200,360도 전방,30,2001-12,02-2620-4793,37.539846999999995,126.868555,2020-05-18
서울특별시  양천구청,서울특별시 양천구 목동중앙본로30길 83,서울특별시 양천구 목2동 530-3,생활방범,2,200,240도 전방,30,2001-12,02-2620-4793,37.546239,126.872009,2020-05-18
서울특별시  양천구청,서울특별시 양천구 목동중앙북로 16길 78,서울특별시 양천구 목2동 557-44,생활방범,2,200,240도 전방,30,2001-12,02-2620-4793,37.542729,126.87383999999999,2020-05-18
서울특별시  양천구청,서울특별시 양천구 목동중앙남로16나길 12,서울특별시 양천구 목3동 324-129,생활방범,3,200,360도 전방,30,2001-12,02-2620-4793,37.542907,126.86470200000001,2020-05-18
서울특별시  양천구청,서울특별시 양천구 목동중앙북로7나길 42,서울특별시 양천구 목3동 604-14,생활방범,3,200,360도 전방,30,2001-12,02-2620-4793,37.522648,126.875626,2020-05-18
서울특별시  양천구청,서울특별시 양천구 목동중앙남로 90,서울특별시 양천구 목3동 711-29,생활방범,1,200,120도 전방,30,2001-12,02-2620-4793,37.54155,126.86493999999999,2020-05-18
서울특별시  양천구청,서울특별시 양천구 목동중앙로3길 30-19,서울특별시 양천구 목4동 760-38,생활방범,2,200,240도 전방,30,2001-12,02-2620-4793,37.537264,126.869997,2020-05-18
서울특별시  양천구청,서울특별시 양천구 목동중앙남로 51-15,서울특별시 양천구 목4동 725-18,생활방범,2,200,240도 전방,30,2001-12,02-2620-4793,37.538496,126.865319,2020-05-18
서울특별시  양천구청,서울특별시 양천구 목동중앙남로 21-26,서울특별시 양천구 목4동 768-10,생활방범,3,200,360도 전방,30,2001-12,02-2620-4793,37.535517,126.86672,2020-05-18
서울특별시  양천구청,서울특별시 양천구 목동서로 155 파라곤107동,서울특별시 양천구 목1동 917 파라곤107동,생활방범,4,200,360도 전방,30,2001-12,02-2620-4793,37.530103000000004,126.87565900000001,2020-05-18
서울특별시  양천구청,서울특별시 양천구 목동중앙북로24길 1-31 목동근린공원,서울특별시 양천구 목동 517-21,생활방범,3,200,360도 전방,30,2001-12,02-2620-4793,37.545984000000004,126.880173,2020-05-18
서울특별시  양천구청,서울특별시 양천구 목동중앙본로2길 32,서울특별시 양천구 목2동 231-132,생활방범,3,200,360도 전방,30,2001-12,02-2620-4793,37.54009,126.87053700000001,2020-05-18
서울특별시  양천구청,서울특별시 양천구 목동중앙북로10길 41,서울특별시 양천구 목동 499-46,생활방범,3,200,360도 전방,30,2001-12,02-2620-4793,37.545377,126.86876200000002,2020-05-18
서울특별시  양천구청,서울특별시 양천구 목동중앙북로 95,서울특별시 양천구 목동 514-16,생활방범,4,200,360도 전방,30,2001-12,02-2620-4793,37.546224,126.873773,2020-05-18
서울특별시  양천구청,서울특별시 양천구 목동중앙본로30길 17,서울특별시 양천구 목2동 532-25,생활방범,3,200,360도 전방,30,2001-12,02-2620-4793,37.544,126.871669,2020-05-18
서울특별시  양천구청,서울특별시 양천구 목동중앙북로24길 72,서울특별시 양천구 목2동 537-27,생활방범,2,200,240도 전방,30,2001-12,02-2620-4793,37.544203,126.87591299999998,2020-05-18
서울특별시  양천구청,서울특별시 양천구 목동중앙본로24길 34,서울특별시 양천구 목2동 231-7,생활방범,3,200,360도 전방,30,2001-12,02-2620-4793,37.542092,126.87128500000001,2020-05-18
서울특별시  양천구청,서울특별시 양천구 목동중앙본로 17,서울특별시 양천구 목2동 754-4,생활방범,4,200,360도 전방,30,2001-12,02-2620-4793,37.538384,126.871159,2020-05-18
서울특별시  양천구청,서울특별시 양천구 목동중앙로13길 19-13,서울특별시 양천구 목2동 131-16,생활방범,2,200,240도 전방,30,2001-12,02-2620-4793,37.54464,126.88181000000002,2020-05-18
서울특별시  양천구청,서울특별시 양천구 목동중앙본로24길 40,서울특별시 양천구 목2동 231-5,생활방범,4,200,360도 전방,30,2001-12,02-2620-4793,37.541752,126.871449,2020-05-18
서울특별시  양천구청,서울특별시 양천구 목동중앙본로 56-5,서울특별시 양천구 목2동 232-4,생활방범,2,200,240도 전방,30,2001-12,02-2620-4793,37.541274,126.86926299999999,2020-05-18
서울특별시  양천구청,서울특별시 양천구 목동중앙북로12길 42-1,서울특별시 양천구 목2동 498-11,생활방범,3,200,360도 전방,30,2001-12,02-2620-4793,37.544740999999995,126.870254,2020-05-18
서울특별시  양천구청,서울특별시 양천구 목동중앙북로16길 102,서울특별시 양천구 목2동 557-23,생활방범,3,200,360도 전방,30,2001-12,02-2620-4793,37.542625,126.872597,2020-05-18
서울특별시  양천구청,서울특별시 양천구 목동중앙로13나길 58,서울특별시 양천구 목2동 131-66,생활방범,2,200,240도 전방,30,2001-12,02-2620-4793,37.544090000000004,126.879833,2020-05-18
서울특별시  양천구청,서울특별시 양천구 공항대로 640,서울특별시 양천구 목2동 515-7,생활방범,1,200,120도 전방,30,2001-12,02-2620-4793,37.546818,126.875941,2020-05-18
서울특별시  양천구청,서울특별시 양천구 목동중앙북로8길 122,서울특별시 양천구 목2동 553,생활방범,4,200,360도 전방,30,2001-12,02-2620-4793,37.544559,126.867407,2020-05-18
서울특별시  양천구청,서울특별시 양천구 목동중앙남로16다길 13,서울특별시 양천구 목3동 324-110,생활방범,4,200,360도 전방,30,2001-12,02-2620-4793,37.543555,126.86504,2020-05-18
서울특별시  양천구청,서울특별시 양천구 목동중앙북로1길 41,서울특별시 양천구 목3동 606-6,생활방범,2,200,240도 전방,30,2001-12,02-2620-4793,37.550427,126.86464699999999,2020-05-18
서울특별시  양천구청,서울특별시 양천구 목동중앙본로7가길 81-16,서울특별시 양천구 목3동 318-58,생활방범,4,200,360도 전방,30,2001-12,02-2620-4793,37.542548,126.86543200000001,2020-05-18
서울특별시  양천구청,서울특별시 양천구 목동중앙본로7가길 74,서울특별시 양천구 목동 318-94,생활방범,4,200,360도 전방,30,2001-12,02-2620-4793,37.542757,126.86623200000001,2020-05-18
서울특별시  양천구청,서울특별시 양천구 목동중앙북로 33-15,서울특별시 양천구 목3동 602-5,생활방범,2,200,240도 전방,30,2001-12,02-2620-4793,37.548532,126.86788999999999,2020-05-18
서울특별시  양천구청,서울특별시 양천구 목동중앙남로16마길 41-19,서울특별시 양천구 목3동 655-5,생활방범,3,200,360도 전방,30,2001-12,02-2620-4793,37.545609000000006,126.863101,2020-05-18
서울특별시  양천구청,서울특별시 양천구 목동중앙서로7나길 12-43,서울특별시 양천구 목4동 784-8,생활방범,1,200,120도 전방,30,2001-12,02-2620-4793,37.535131,126.864995,2020-05-18
서울특별시  양천구청,서울특별시 양천구 목동중앙로 67 성원APT 놀이터 앞,서울특별시 양천구 목4동 763-2,생활방범,2,200,240도 전방,30,2001-12,02-2620-4793,37.535569,126.86953100000001,2020-05-18
서울특별시  양천구청,서울특별시 양천구 목동중앙남로5길 45,서울특별시 양천구 목4동 732-1,생활방범,4,200,360도 전방,30,2001-12,02-2620-4793,37.536791,126.86423300000001,2020-05-18
서울특별시  양천구청,서울특별시 양천구 목동중앙남로 24,서울특별시 양천구 목4동 767-11,생활방범,4,200,360도 전방,30,2001-12,02-2620-4793,37.536051,126.86783999999999,2020-05-18
서울특별시  양천구청,서울특별시 양천구 목동중앙서로 5,서울특별시 양천구 목4동 791-9,생활방범,4,200,360도 전방,30,2001-12,02-2620-4793,37.532496,126.86446399999998,2020-05-18
서울특별시  양천구청,서울특별시 양천구 목동중앙남로9길 21,서울특별시 양천구 목4동 729-7,생활방범,3,200,360도 전방,30,2001-12,02-2620-4793,37.537913,126.86544599999999,2020-05-18
서울특별시  양천구청,서울특별시 양천구 목동중앙본로 27,서울특별시 양천구 목4동 747-11,생활방범,3,200,360도 전방,30,2001-12,02-2620-4793,37.538843,126.87013400000001,2020-05-18
서울특별시  양천구청,서울특별시 양천구 목동중앙서로 40,서울특별시 양천구 목4동 798-22,생활방범,4,200,360도 전방,30,2001-12,02-2620-4793,37.532891,126.8684,2020-05-18
서울특별시  양천구청,서울특별시 양천구 목동중앙로1길 15,서울특별시 양천구 목4동 803-11,생활방범,4,200,360도 전방,30,2001-12,02-2620-4793,37.531461,126.866844,2020-05-18
서울특별시  양천구청,서울특별시 양천구 목동동로12길 41-5,서울특별시 양천구 목동 404-92,생활방범,2,200,240도 전방,30,2001-12,02-2620-4793,37.52276,126.87588999999998,2020-05-18
서울특별시  양천구청,서울특별시 양천구 목동중앙본로7길 14-8,서울특별시 양천구 목3동 318-287,생활방범,2,200,240도 전방,30,2001-12,02-2620-4793,37.539884,126.86761499999999,2020-05-18
서울특별시  양천구청,서울특별시 양천구 목동중앙본로7가길 19-14,서울특별시 양천구 목3동 717-21,생활방범,1,200,120도 전방,30,2001-12,02-2620-4793,37.539970000000004,126.86671299999999,2020-05-18
서울특별시  양천구청,서울특별시 양천구 목동중앙북로22길 14-6,서울특별시 양천구 목2동 523-46,생활방범,3,200,360도 전방,30,2001-12,02-2620-4793,37.54569,126.87619,2020-05-18
서울특별시  양천구청,서울특별시 양천구 목동중앙본로20길 65,서울특별시 양천구 목동 231-151,생활방범,2,200,240도 전방,30,2001-12,02-2620-4793,37.54076,126.87265,2020-05-18
서울특별시  양천구청,서울특별시 양천구 목동중앙본로2길 38-39,서울특별시 양천구 목동 231-195,생활방범,4,200,360도 전방,30,2001-12,02-2620-4793,37.539629999999995,126.87246999999999,2020-05-18
서울특별시  양천구청,서울특별시 양천구 목동중앙남로16라길 1,서울특별시 양천구 목3동 324-51,생활방범,4,200,360도 전방,30,2001-12,02-2620-4793,37.54361,126.86291999999999,2020-05-18
서울특별시  양천구청,서울특별시 양천구 목동중앙남로16나길 2,서울특별시 양천구 목동 318-309,생활방범,3,200,360도 전방,30,2001-12,02-2620-4793,37.54234,126.86471,2020-05-18
서울특별시  양천구청,서울특별시 양천구 목동중앙남로 81-1,서울특별시 양천구 목동 714-4,생활방범,4,200,360도 전방,30,2001-12,02-2620-4793,37.54103,126.86516,2020-05-18
서울특별시  양천구청,서울특별시 양천구 목동중앙남로11길 30,서울특별시 양천구 목동 721-8,생활방범,4,200,360도 전방,30,2001-12,02-2620-4793,37.53921,126.86438000000001,2020-05-18
서울특별시  양천구청,서울특별시 양천구 목동중앙본로7길 27,서울특별시 양천구 목동 741-1,생활방범,4,200,360도 전방,30,2001-12,02-2620-4793,37.53952,126.86703,2020-05-18
서울특별시  양천구청,서울특별시 양천구 목동동로 393 부영1차-벽산 평화의거리,서울특별시 양천구 목5동 907-12,생활방범,3,200,360도 전방,30,2001-12,02-2620-4793,37.53575,126.87995,2020-05-18
서울특별시  양천구청,서울특별시 양천구 목동중앙로 13길 41,서울특별시 양천구 목2동 124-16,생활방범,4,200,360도 전방,30,2001-12,02-2620-4793,37.545876,126.881348,2020-05-18
서울특별시  양천구청,서울특별시 양천구 목동중앙북로8길 129-48,서울특별시 양천구 목2동 500-9,생활방범,4,200,360도 전방,30,2001-12,02-2620-4793,37.546723,126.868822,2020-05-18
서울특별시  양천구청,서울특별시 양천구 목동중앙북로 24길 55,서울특별시 양천구 목2동 539,생활방범,4,200,360도 전방,30,2001-12,02-2620-4793,37.544629,126.87644399999999,2020-05-18
서울특별시  양천구청,서울특별시 양천구 목동중앙북로 24 길 11 -11,서울특별시 양천구 목2동 520-3,생활방범,4,200,360도 전방,30,2001-12,02-2620-4793,37.545944,126.87858100000001,2020-05-18
서울특별시  양천구청,서울특별시 양천구 목동중앙본로2길 38-19,서울특별시 양천구 목2동 231-275,생활방범,5,200,360도 전방,30,2001-12,02-2620-4793,37.540106,126.87159,2020-05-18
서울특별시  양천구청,서울특별시 양천구 목동중앙본로7가길 58-20,서울특별시 양천구 목3동 318-143,생활방범,4,200,360도 전방,30,2001-12,02-2620-4793,37.542518,126.867981,2020-05-18
서울특별시  양천구청,서울특별시 양천구 목동중앙남로 16마길 45,서울특별시 양천구 목3동 654-3,생활방범,5,200,360도 전방,30,2001-12,02-2620-4793,37.545629,126.86421100000001,2020-05-18
서울특별시  양천구청,서울특별시 양천구 목동중앙본로17길 42,서울특별시 양천구 목3동 318-170,생활방범,4,200,360도 전방,30,2001-12,02-2620-4793,37.541702,126.866799,2020-05-18
서울특별시  양천구청,서울특별시 양천구 목동중앙서로7나길 29,서울특별시 양천구 목4동 787-4,생활방범,4,200,360도 전방,30,2001-12,02-2620-4793,37.534366999999996,126.864195,2020-05-18
서울특별시  양천구청,서울특별시 양천구 목동중앙남로3가길 8-21,서울특별시 양천구 목4동 733-15,생활방범,4,200,360도 전방,30,2001-12,02-2620-4793,37.536167999999996,126.865277,2020-05-18
서울특별시  양천구청,서울특별시 양천구 목동중앙남로 11-16,서울특별시 양천구 목4동 770-16,생활방범,4,200,360도 전방,30,2001-12,02-2620-4793,37.534872,126.86879499999999,2020-05-18
서울특별시  양천구청,서울특별시 양천구 곰달래로9길 13,서울특별시 양천구 신월1동 123-10,생활방범,5,200,360도 전방,30,2001-12,02-2620-4793,37.530929,126.835858,2020-05-18
서울특별시  양천구청,서울특별시 양천구 월정로13길 17,서울특별시 양천구 신월동 244-7,생활방범,5,200,360도 전방,30,2001-12,02-2620-4793,37.526759999999996,126.838549,2020-05-18
서울특별시  양천구청,서울특별시 양천구 월정로33길 12,서울특별시 양천구 신월1동 91-17,생활방범,5,200,360도 전방,30,2001-12,02-2620-4793,37.535269,126.833895,2020-05-18
서울특별시  양천구청,서울특별시 양천구 신월1동 100-1 신대어린이공원 입구,서울특별시 양천구신월1동 100-1,생활방범,4,200,360도 전방,30,2001-12,02-2620-4793,37.534822,126.83279499999999,2020-05-18
서울특별시  양천구청,서울특별시 양천구 월정로33길 24-1,서울특별시 양천구 신월동 98-33,생활방범,1,130,120도 전방,30,2001-12,02-2620-4793,37.534832,126.83279499999999,2020-05-18
서울특별시  양천구청,서울특별시 양천구 남부순환로48길 58,서울특별시 양천구 신월3동 175-18,생활방범,4,200,360도 전방,30,2001-12,02-2620-4793,37.531853000000005,126.826948,2020-05-18
서울특별시  양천구청,서울특별시 양천구 남부순환로64길 37-3,서울특별시 양천구 신월동 207-88,생활방범,3,200,360도 전방,30,2001-12,02-2620-4793,37.525624,126.832771,2020-05-18
서울특별시  양천구청,서울특별시 양천구 남부순환로27길 12,서울특별시 양천구 신월5동 29-15,생활방범,4,200,360도 전방,30,2001-12,02-2620-4793,37.540569,126.826952,2020-05-18
서울특별시  양천구청,서울특별시 양천구 오목로 51,서울특별시 양천구 신월2동 445-16,생활방범,5,200,360도 전방,30,2001-12,02-2620-4793,37.522259999999996,126.84334199999999,2020-05-18
서울특별시  양천구청,서울특별시 양천구 중앙로55길 13,서울특별시 양천구 신월2동 470-1,생활방범,5,200,360도 전방,30,2001-12,02-2620-4793,37.526528000000006,126.847936,2020-05-18
서울특별시  양천구청,서울특별시 양천구 남부순환로71길 12,서울특별시 양천구 신월4동 440-1,생활방범,5,200,360도 전방,30,2001-12,02-2620-4793,37.52203,126.838803,2020-05-18
서울특별시  양천구청,서울특별시 양천구 오목로5길 14,서울특별시 양천구 신월동 442-1,생활방범,5,200,360도 전방,30,2001-12,02-2620-4793,37.522958,126.841169,2020-05-18
서울특별시  양천구청,서울특별시 양천구 신월로 157,서울특별시 양천구 신월동 545-3,생활방범,3,200,360도 전방,30,2001-12,02-2620-4793,37.517804999999996,126.84168400000001,2020-05-18
서울특별시  양천구청,서울특별시 양천구 지양로 74,서울특별시 양천구 신월7동 961-5,생활방범,5,200,360도 전방,30,2001-12,02-2620-4793,37.522244,126.83388400000001,2020-05-18
서울특별시  양천구청,서울특별시 양천구 곰달래로10길 9,서울특별시 양천구 신월1동 229-3,생활방범,5,200,360도 전방,30,2001-12,02-2620-4793,37.528994,126.837028,2020-05-18
서울특별시  양천구청,서울특별시 양천구 신월로20길 26,서울특별시 양천구 신월6동 595-1,생활방범,4,200,360도 전방,30,2001-12,02-2620-4793,37.517955,126.845941,2020-05-18
서울특별시  양천구청,,서울특별시 양천구 신월1동 240,생활방범,4,200,360도 전방,30,2001-12,02-2620-4793,37.527114000000005,126.837997,2020-05-18
서울특별시  양천구청,서울특별시 양천구 남부순환로40길 6,서울특별시 양천구 신월3동 147-14,생활방범,3,200,360도 전방,30,2001-12,02-2620-4793,37.534928,126.82826200000001,2020-05-18
서울특별시  양천구청,서울특별시 양천구 가로공원로55길 20,서울특별시 양천구 신월동 46-1,생활방범,3,200,360도 전방,30,2001-12,02-2620-4793,37.536204999999995,126.824656,2020-05-18
서울특별시  양천구청,서울특별시 양천구 월정로36길 5,서울특별시 양천구 신월5동 68-9,생활방범,3,200,360도 전방,30,2001-12,02-2620-4793,37.537948,126.834383,2020-05-18
서울특별시  양천구청,서울특별시 양천구 월정로17길 12,서울특별시 양천구 신월1동 234-17,생활방범,5,200,360도 전방,30,2001-12,02-2620-4793,37.528015,126.83830400000001,2020-05-18
서울특별시  양천구청,서울특별시 양천구 월정로6길 13,서울특별시 양천구 신월2동 483-1,생활방범,3,200,360도 전방,30,2001-12,02-2620-4793,37.524899,126.84391299999999,2020-05-18
서울특별시  양천구청,서울특별시 양천구 오목로 101,서울특별시 양천구 신월2동 양강초-양강중 사잇길,생활방범,3,200,360도 전방,30,2001-12,02-2620-4793,37.524105,126.84926000000002,2020-05-18
서울특별시  양천구청,서울특별시 양천구 남부순환로 584,서울특별시 양천구 신월6동 1001-4,생활방범,3,200,360도 전방,30,2001-12,02-2620-4793,37.516822999999995,126.839215,2020-05-18
서울특별시  양천구청,서울특별시 양천구 지양로3길 3,서울특별시 양천구 신월동 986-16,생활방범,3,200,360도 전방,30,2001-12,02-2620-4793,37.518722,126.83691999999999,2020-05-18
서울특별시  양천구청,서울특별시 양천구 남부순환로 604-6,서울특별시 양천구 신월동 1015-13,생활방범,3,200,360도 전방,30,2001-12,02-2620-4793,37.514346999999994,126.840227,2020-05-18
서울특별시  양천구청,서울특별시 양천구 월정로27길 12,서울특별시 양천구 신월1동 113-20,생활방범,3,200,360도 전방,30,2001-12,02-2620-4793,37.532108,126.83580500000001,2020-05-18
서울특별시  양천구청,서울특별시 양천구 곰달래로9길 52,서울특별시 양천구 신월1동 102-27,생활방범,3,200,360도 전방,30,2001-12,02-2620-4793,37.534009000000005,126.83397,2020-05-18
서울특별시  양천구청,서울특별시 양천구 곰달래로2길 42,서울특별시 양천구 신월동 217-46,생활방범,3,200,360도 전방,30,2001-12,02-2620-4793,37.526748,126.835939,2020-05-18
서울특별시  양천구청,서울특별시 양천구 곰달래로6길 39,서울특별시 양천구 신월1동 243-11,생활방범,4,200,360도 전방,30,2001-12,02-2620-4793,37.52666,126.83703600000001,2020-05-18
서울특별시  양천구청,서울특별시 양천구 오목로13길 14,서울특별시 양천구 신월2동 492-1,생활방범,3,200,360도 전방,30,2001-12,02-2620-4793,37.524069,126.845694,2020-05-18
서울특별시  양천구청,서울특별시 양천구 오목로17길 24,서울특별시 양천구 신월2동 479-1,생활방범,3,200,360도 전방,30,2001-12,02-2620-4793,37.525346,126.846209,2020-05-18
서울특별시  양천구청,서울특별시 양천구 중앙로49길 5,서울특별시 양천구 신월2동 501-1,생활방범,3,200,360도 전방,30,2001-12,02-2620-4793,37.523359,126.850501,2020-05-18
서울특별시  양천구청,서울특별시 양천구 신월로24길 28-2,서울특별시 양천구 신월동 604-3,생활방범,3,200,360도 전방,30,2001-12,02-2620-4793,37.519458,126.84670200000001,2020-05-18
서울특별시  양천구청,서울특별시 양천구 오목로9길 33,서울특별시 양천구 신월2동 447-11,생활방범,3,200,360도 전방,30,2001-12,02-2620-4793,37.525133000000004,126.84217,2020-05-18
서울특별시  양천구청,서울특별시 양천구 가로공원로 91,서울특별시 양천구 신월3동 48-8,생활방범,3,200,360도 전방,30,2001-12,02-2620-4793,37.535583,126.826213,2020-05-18
서울특별시  양천구청,서울특별시 양천구 가로공원로60가길 2,서울특별시 양천구 신월3동 154-1,생활방범,3,200,360도 전방,30,2001-12,02-2620-4793,37.534277,126.82533899999999,2020-05-18
서울특별시  양천구청,서울특별시 양천구 남부순환로58길 22,서울특별시 양천구 신월3동 203-21,생활방범,3,200,360도 전방,30,2001-12,02-2620-4793,37.529981,126.83129299999999,2020-05-18
서울특별시  양천구청,서울특별시 양천구 남부순환로54길 16-1,서울특별시 양천구 신월동 165-11,생활방범,4,200,360도 전방,30,2001-12,02-2620-4793,37.532631,126.828273,2020-05-18
서울특별시  양천구청,서울특별시 양천구 오목로7길 26,서울특별시 양천구 신월동 428-1,생활방범,3,200,360도 전방,30,2001-12,02-2620-4793,37.524307,126.841148,2020-05-18
서울특별시  양천구청,서울특별시 양천구 신월로17길 16,서울특별시 양천구 신월동 532-1,생활방범,4,200,360도 전방,30,2001-12,02-2620-4793,37.520209,126.84213500000001,2020-05-18
서울특별시  양천구청,서울특별시 양천구 남부순환로73길 6,서울특별시 양천구 신월동 525-17,생활방범,3,200,360도 전방,30,2001-12,02-2620-4793,37.519882,126.839118,2020-05-18
서울특별시  양천구청,서울특별시 양천구 화곡로3길 6,서울특별시 양천구 신월5동 27-1,생활방범,5,200,360도 전방,30,2001-12,02-2620-4793,37.539911,126.82720800000001,2020-05-18
서울특별시  양천구청,서울특별시 양천구 화곡로5길 23,서울특별시 양천구 신월5동 13-1,생활방범,3,200,360도 전방,30,2001-12,02-2620-4793,37.541468,126.82883400000001,2020-05-18
서울특별시  양천구청,서울특별시 양천구 화곡로3가길 7-6,서울특별시 양천구 신월5동 9-17,생활방범,3,200,360도 전방,30,2001-12,02-2620-4793,37.542190000000005,126.828224,2020-05-18
서울특별시  양천구청,서울특별시 양천구 남부순환로35길 16,서울특별시 양천구 신월5동 81-7,생활방범,4,200,360도 전방,30,2001-12,02-2620-4793,37.536572,126.82981699999999,2020-05-18
서울특별시  양천구청,서울특별시 양천구 남부순환로85길 13,서울특별시 양천구 신월6동 563-17,생활방범,3,200,360도 전방,30,2001-12,02-2620-4793,37.514674,126.841974,2020-05-18
서울특별시  양천구청,서울특별시 양천구 남부순환로82길 17-1,서울특별시 양천구 신월동 1012-3,생활방범,3,200,360도 전방,30,2001-12,02-2620-4793,37.51514,126.83793,2020-05-18
서울특별시  양천구청,서울특별시 양천구 신월로 176,서울특별시 양천구 신월동 575-30,생활방범,3,200,360도 전방,30,2001-12,02-2620-4793,37.51879,126.84298999999999,2020-05-18
서울특별시  양천구청,서울특별시 양천구 남부순환로82길 8,서울특별시 양천구 신월동 1007-5,생활방범,3,200,360도 전방,30,2001-12,02-2620-4793,37.51578,126.838943,2020-05-18
서울특별시  양천구청,서울특별시 양천구 지양로16길 10,서울특별시 양천구 신월동 914-7,생활방범,3,200,360도 전방,30,2001-12,02-2620-4793,37.524516,126.833358,2020-05-18
서울특별시  양천구청,서울특별시 양천구 지양로9길 24,서울특별시 양천구 신월7동 942-17,생활방범,3,200,360도 전방,30,2001-12,02-2620-4793,37.520717,126.83166499999999,2020-05-18
서울특별시  양천구청,서울특별시 양천구 지양로17길 33,서울특별시 양천구 신월7동 331-31,생활방범,3,200,360도 전방,30,2001-12,02-2620-4793,37.521921,126.826851,2020-05-18
서울특별시  양천구청,서울특별시 양천구 지양로16길 36,서울특별시 양천구 신월7동 925-14,생활방범,3,200,360도 전방,30,2001-12,02-2620-4793,37.523771999999994,126.83503799999998,2020-05-18
서울특별시  양천구청,서울특별시 양천구 곰달래로5길 33,서울특별시 양천구 신월1동 133-6,생활방범,4,130,360도 전방,30,2001-12,02-2620-4793,37.532465,126.833096,2020-05-18
서울특별시  양천구청,서울특별시 양천구 월정로17길 24-1,서울특별시 양천구 신월1동 232-23,생활방범,5,130,360도 전방,30,2001-12,02-2620-4793,37.527928,126.83669599999999,2020-05-18
서울특별시  양천구청,서울특별시 양천구 가로공원로 140-3,서울특별시 양천구 신월1동 95-1,생활방범,3,130,360도 전방,30,2001-12,02-2620-4793,37.535834,126.83150800000001,2020-05-18
서울특별시  양천구청,서울특별시 양천구 월정로15길 7,서울특별시 양천구 신월1동 241-18,생활방범,3,130,360도 전방,30,2001-12,02-2620-4793,37.527658,126.83899699999999,2020-05-18
서울특별시  양천구청,서울특별시 양천구 월정로 40,서울특별시 양천구 신월2동 445-1,생활방범,4,130,360도 전방,30,2001-12,02-2620-4793,37.523501,126.84232,2020-05-18
서울특별시  양천구청,서울특별시 양천구 중앙로57길 25,서울특별시 양천구 신월2동 457-1,생활방범,4,130,360도 전방,30,2001-12,02-2620-4793,37.526709000000004,126.84614199999999,2020-05-18
서울특별시  양천구청,서울특별시 양천구 중앙로53길 6,서울특별시 양천구 신월2동 473-13,생활방범,3,130,360도 전방,30,2001-12,02-2620-4793,37.525839000000005,126.849195,2020-05-18
서울특별시  양천구청,서울특별시 양천구 중앙로49길 21,서울특별시 양천구 신월2동 504-1,생활방범,3,130,360도 전방,30,2001-12,02-2620-4793,37.522944,126.848602,2020-05-18
서울특별시  양천구청,서울특별시 양천구 월정로11길 14,서울특별시 양천구 신월4동 412-2,생활방범,4,130,360도 전방,30,2001-12,02-2620-4793,37.525486,126.83923999999999,2020-05-18
서울특별시  양천구청,서울특별시 양천구 남부순환로67길 2,서울특별시 양천구 신월동 418-2,생활방범,4,130,360도 전방,30,2001-12,02-2620-4793,37.523794,126.83678,2020-05-18
서울특별시  양천구청,서울특별시 양천구 신월로11길 14,서울특별시 양천구 신월4동 540-5,생활방범,4,130,360도 전방,30,2001-12,02-2620-4793,37.518543,126.840278,2020-05-18
서울특별시  양천구청,서울특별시 양천구 화곡로3길 23,서울특별시 양천구 신월5동 12-1,생활방범,4,130,360도 전방,30,2001-12,02-2620-4793,37.541545,126.827522,2020-05-18
서울특별시  양천구청,서울특별시 양천구 신월5동 5,서울특별시 양천구 신월5동 5,생활방범,3,130,360도 전방,30,2001-12,02-2620-4793,37.5449,126.82960600000001,2020-05-18
서울특별시  양천구청,서울특별시 양천구 신월5동 56-1,서울특별시 양천구 신월5동 56-1,생활방범,3,130,360도 전방,30,2001-12,02-2620-4793,37.538759999999996,126.828011,2020-05-18
서울특별시  양천구청,서울특별시 양천구 남부순환로33길 39-1,서울특별시 양천구 신월5동 61-19,생활방범,4,130,360도 전방,30,2001-12,02-2620-4793,37.538317,126.83166399999999,2020-05-18
서울특별시  양천구청,서울특별시 양천구 남부순환로80길 21,서울특별시 양천구 신월6동 1006-1,생활방범,4,130,360도 전방,30,2001-12,02-2620-4793,37.5158,126.83715,2020-05-18
서울특별시  양천구청,서울특별시 양천구 남부순환로79길 41,서울특별시 양천구 신월6동 575-18,생활방범,3,130,360도 전방,30,2001-12,02-2620-4793,37.518390000000004,126.84366999999999,2020-05-18
서울특별시  양천구청,서울특별시 양천구 지양로16길 46-9,서울특별시 양천구 신월7동 964-7,생활방범,3,130,360도 전방,30,2001-12,02-2620-4793,37.522773,126.83476200000001,2020-05-18
서울특별시  양천구청,서울특별시 양천구 신월로7길 6,서울특별시 양천구신월7동 984-5,생활방범,4,130,360도 전방,30,2001-12,02-2620-4793,37.516892999999996,126.836591,2020-05-18
서울특별시  양천구청,서울특별시 양천구 지양로2길 30,서울특별시 양천구 신월7동 996-22,생활방범,4,130,360도 전방,30,2001-12,02-2620-4793,37.519163,126.83717299999999,2020-05-18
서울특별시  양천구청,서울특별시 양천구 가로공원로 66길 2,서울특별시 양천구 신월1동 97-3,생활방범,3,130,360도 전방,30,2001-12,02-2620-4793,37.535717,126.830024,2020-05-18
서울특별시  양천구청,서울특별시 양천구 곰달래로3길 25,서울특별시 양천구 신월1동 132-9,생활방범,4,130,360도 전방,30,2001-12,02-2620-4793,37.53178,126.832771,2020-05-18
서울특별시  양천구청,서울특별시 양천구 남부순환로53길 12-1,서울특별시 양천구 신월동 140-8,생활방범,4,130,360도 전방,30,2001-12,02-2620-4793,37.534603000000004,126.83049,2020-05-18
서울특별시  양천구청,서울특별시 양천구 신월1동 230-1 반곡어린이공원 앞,,생활방범,5,200,360도 전방,30,2001-12,02-2620-4793,37.528999,126.83546399999999,2020-05-18
서울특별시  양천구청,서울특별시 양천구 오목로10길 7-9,서울특별시 양천구 신월2동 509-12,생활방범,4,130,360도 전방,30,2001-12,02-2620-4793,37.521934,126.84501599999999,2020-05-18
서울특별시  양천구청,서울특별시 양천구 오목로15길 7,서울특별시 양천구 신월2동 492-6,생활방범,4,130,360도 전방,30,2001-12,02-2620-4793,37.523601,126.846076,2020-05-18
서울특별시  양천구청,서울특별시 양천구 중앙로57길 8,서울특별시 양천구 신월2동 455-8,생활방범,5,130,360도 전방,30,2001-12,02-2620-4793,37.527099,126.848098,2020-05-18
서울특별시  양천구청,서울특별시 양천구 오목로9길 20-1,서울특별시 양천구 신월2동 486,생활방범,4,130,360도 전방,30,2001-12,02-2620-4793,37.524177,126.842712,2020-05-18
서울특별시  양천구청,서울특별시 양천구 남부순환로54길 8,서울특별시 양천구 신월동 165-19,생활방범,5,130,360도 전방,30,2001-12,02-2620-4793,37.533553999999995,126.82898700000001,2020-05-18
서울특별시  양천구청,서울특별시 양천구 남부순환로40가길 13,서울특별시 양천구 신월동 181-1,생활방범,5,130,360도 전방,30,2001-12,02-2620-4793,37.533706,126.82592,2020-05-18
서울특별시  양천구청,서울특별시 양천구 남부순환로75길 35,서울특별시 양천구 신월4동 532-6,생활방범,5,130,360도 전방,30,2001-12,02-2620-4793,37.520183,126.843566,2020-05-18
서울특별시  양천구청,서울특별시 양천구 월정로38길 6,서울특별시 양천구 신월5동 66-20,생활방범,4,130,360도 전방,30,2001-12,02-2620-4793,37.538631,126.83358,2020-05-18
서울특별시  양천구청,서울특별시 양천구 화곡로12길 23-13,서울특별시 양천구 신월5동 72-10,생활방범,4,130,360도 전방,30,2001-12,02-2620-4793,37.537712,126.832298,2020-05-18
서울특별시  양천구청,서울특별시 양천구 가로공원로67길 12-3,서울특별시 양천구 신월5동 74-8,생활방범,3,200,360도 전방,30,2001-12,02-2620-4793,37.537459999999996,126.830886,2020-05-18
서울특별시  양천구청,서울특별시 양천구 월정로 283-1,서울특별시 양천구신월5동 9-7,생활방범,3,130,360도 전방,30,2001-12,02-2620-4793,37.54214,126.829109,2020-05-18
서울특별시  양천구청,서울특별시 양천구 신월로12길 6,서울특별시 양천구 신월6동 549-5,생활방범,5,130,360도 전방,30,2001-12,02-2620-4793,37.517032,126.84153700000002,2020-05-18
서울특별시  양천구청,서울특별시 양천구 지양로17길 26,서울특별시 양천구 신월7동 331-45,생활방범,4,130,360도 전방,30,2001-12,02-2620-4793,37.521991,126.82750700000001,2020-05-18
서울특별시  양천구청,서울특별시 양천구 지양로16길 3,서울특별시 양천구 신월7동 916-1,생활방범,3,130,360도 전방,30,2001-12,02-2620-4793,37.524265,126.831474,2020-05-18
서울특별시  양천구청,서울특별시 양천구 지양로7길 13,서울특별시 양천구 신월7동 954-1,생활방범,5,130,360도 전방,30,2001-12,02-2620-4793,37.521244,126.83281699999999,2020-05-18
서울특별시  양천구청,서울특별시 양천구 지양로2길 16,서울특별시 양천구 신월7동 995-24,생활방범,5,130,360도 전방,30,2001-12,02-2620-4793,37.518337,126.83815700000001,2020-05-18
서울특별시  양천구청,서울특별시 양천구 남부순환로63길 7,서울특별시 양천구 신월동 224-10,생활방범,5,130,360도 전방,30,2001-12,02-2620-4793,37.528735,126.83405,2020-05-18
서울특별시  양천구청,서울특별시 양천구 오목로 76,서울특별시 양천구 신월2동 507-1,생활방범,3,200,360도 전방,30,2001-12,02-2620-4793,37.522737,126.84624199999999,2020-05-18
서울특별시  양천구청,서울특별시 양천구 남부순환로36길 3,서울특별시 양천구 신월3동 49-22,생활방범,3,130,360도 전방,30,2001-12,02-2620-4793,37.53627,126.82725,2020-05-18
서울특별시  양천구청,서울특별시 양천구 남부순환로69길 9,서울특별시 양천구 신월동 419-15,생활방범,5,130,360도 전방,30,2001-12,02-2620-4793,37.522732,126.83851499999999,2020-05-18
서울특별시  양천구청,서울특별시 양천구 월정로 21,서울특별시 양천구 신월동 514-12,생활방범,4,130,360도 전방,30,2001-12,02-2620-4793,37.52129,126.84298999999999,2020-05-18
서울특별시  양천구청,서울특별시 양천구 월정로40길 10-1,서울특별시 양천구 신월5동 66-8,생활방범,4,130,360도 전방,30,2001-12,02-2620-4793,37.539157,126.833977,2020-05-18
서울특별시  양천구청,서울특별시 양천구 월정로 303,서울특별시 양천구 신월5동 1036 수명산롯데캐슬103동 끝,생활방범,3,130,360도 전방,30,2001-12,02-2620-4793,37.5453,126.82901000000001,2020-05-18
서울특별시  양천구청,서울특별시 양천구 신정로13길 60,서울특별시 양천구 신월동 561-1,생활방범,5,130,360도 전방,30,2001-12,02-2620-4793,37.514503000000005,126.84142299999999,2020-05-18
서울특별시  양천구청,서울특별시 양천구 지양로7길 27-8,서울특별시 양천구 신월7동 957-17,생활방범,3,130,360도 전방,30,2001-12,02-2620-4793,37.519682,126.83176200000001,2020-05-18
서울특별시  양천구청,서울특별시 양천구 지양로7길 21,서울특별시 양천구 신월동 955-7,생활방범,3,130,360도 전방,30,2001-12,02-2620-4793,37.520590999999996,126.832526,2020-05-18
서울특별시  양천구청,서울특별시 양천구 남부순환로55길 9,서울특별시 양천구 신월동 141-9,생활방범,4,200,360도 전방,30,2001-12,02-2620-4793,37.53348,126.83101,2020-05-18
서울특별시  양천구청,서울특별시 양천구 곰달래로13길 59,서울특별시 양천구 신월1동 103-23,생활방범,3,200,360도 전방,30,2001-12,02-2620-4793,37.53459,126.83448,2020-05-18
서울특별시  양천구청,서울특별시 양천구 중앙로 282,서울특별시 양천구 신정동 972-4,생활방범,4,200,360도 전방,30,2001-12,02-2620-4793,37.52213,126.85162,2020-05-18
서울특별시  양천구청,서울특별시 양천구 남부순환로56가길 11,서울특별시 양천구 신월동 198-23,생활방범,5,200,360도 전방,30,2001-12,02-2620-4793,37.531659999999995,126.83035,2020-05-18
서울특별시  양천구청,서울특별시 양천구 신월로15길 2,서울특별시 양천구 신월4동 537-6,생활방범,3,200,360도 전방,30,2001-12,02-2620-4793,37.51887,126.84216,2020-05-18
서울특별시  양천구청,서울특별시 양천구 화곡로8길 5,서울특별시 양천구 신월5동 59-17,생활방범,4,200,360도 전방,30,2001-12,02-2620-4793,37.53889,126.82943999999999,2020-05-18
서울특별시  양천구청,서울특별시 양천구 신월로16길 7,서울특별시 양천구 신월6동 575-8,생활방범,4,200,360도 전방,30,2001-12,02-2620-4793,37.51755,126.84268,2020-05-18
서울특별시  양천구청,서울특별시 양천구 지양로 131,서울특별시 양천구 신월7동 331-86,생활방범,4,200,360도 전방,30,2001-12,02-2620-4793,37.523990000000005,126.82845,2020-05-18
서울특별시  양천구청,서울특별시 양천구 지양로10길 12,서울특별시 양천구 신월7동 927-1,생활방범,5,200,360도 전방,30,2001-12,02-2620-4793,37.523309999999995,126.83411000000001,2020-05-18
서울특별시  양천구청,서울특별시 양천구 지양로7길 28-16,서울특별시 양천구 신월7동 947-3,생활방범,3,200,360도 전방,30,2001-12,02-2620-4793,37.52087,126.83061000000001,2020-05-18
서울특별시  양천구청,서울특별시 양천구 월정로27길 21,서울특별시 양천구 신월1동 123-31,생활방범,4,200,360도 전방,30,2001-12,02-2620-4793,37.53165,126.83454099999999,2020-05-18
서울특별시  양천구청,서울특별시 양천구 남부순환로40길 70,서울특별시 양천구 신월3동 180-12,생활방범,5,200,360도 전방,30,2001-12,02-2620-4793,37.532871,126.82611100000001,2020-05-18
서울특별시  양천구청,서울특별시 양천구 남부순환로29길 35,서울특별시 양천구 신월5동 17-7 신월중-신화중 사이,생활방범,3,200,360도 전방,30,2001-12,02-2620-4793,37.53996,126.82954,2020-05-18
서울특별시  양천구청,서울특별시 양천구 가로공원로69길 5,서울특별시 양천구 신월5동 82-11,생활방범,4,200,360도 전방,30,2001-12,02-2620-4793,37.537,126.8321,2020-05-18
서울특별시  양천구청,서울특별시 양천구 남부순환로82길 23-1,서울특별시 양천구 신월동 1011-1,생활방범,3,200,360도 전방,30,2001-12,02-2620-4793,37.515229999999995,126.83697,2020-05-18
서울특별시  양천구청,서울특별시 양천구 남부순환로70길 11-12,서울특별시 양천구 신월7동 974-11,생활방범,4,200,360도 전방,30,2001-12,02-2620-4793,37.521093,126.83653999999999,2020-05-18
서울특별시  양천구청,서울특별시 양천구 오목로11길 5,서울특별시 양천구 신월2동 489-8,생활방범,3,200,360도 전방,30,2001-12,02-2620-4793,37.523195,126.844729,2020-05-18
서울특별시  양천구청,서울특별시 양천구 가로공원로60가길 15,서울특별시 양천구 신월3동 157-20,생활방범,4,200,360도 전방,30,2001-12,02-2620-4793,37.534489,126.826631,2020-05-18
서울특별시  양천구청,서울특별시 양천구 남부순환로42길 31,서울특별시 양천구 신월3동 161-12,생활방범,4,200,360도 전방,30,2001-12,02-2620-4793,37.533467,126.827234,2020-05-18
서울특별시  양천구청,서울특별시 양천구 남부순환로60길 26,서울특별시 양천구 신월3동 195-30,생활방범,4,200,360도 전방,30,2001-12,02-2620-4793,37.530758,126.827554,2020-05-18
서울특별시  양천구청,서울특별시 양천구 화곡로4길 29-10,서울특별시 양천구 신월5동 80-19,생활방범,4,200,360도 전방,30,2001-12,02-2620-4793,37.537023,126.829074,2020-05-18
서울특별시  양천구청,서울특별시 양천구 남부순환로82길 5-2,서울특별시 양천구 신월6동 1013-4,생활방범,3,200,360도 전방,30,2001-12,02-2620-4793,37.515633,126.83913000000001,2020-05-18
서울특별시  양천구청,서울특별시 양천구 신월로 261,서울특별시 양천구 신월2동 503-36,생활방범,5,200,360도 전방,30,2001-12,02-2620-4793,37.522389000000004,126.85076000000001,2020-05-18
서울특별시  양천구청,서울특별시 양천구 오목로9길 13,서울특별시 양천구 신월2동 445-23,생활방범,4,200,360도 전방,30,2001-12,02-2620-4793,37.523223,126.843223,2020-05-18
서울특별시  양천구청,서울특별시 양천구 화곡로5길 11,서울특별시 양천구 신월동 16-31,생활방범,4,200,360도 전방,30,2001-12,02-2620-4793,37.540547,126.828226,2020-05-18
서울특별시  양천구청,서울특별시 양천구 지양로7길 28-27,서울특별시 양천구 신월7동 946-1,생활방범,4,200,360도 전방,30,2001-12,02-2620-4793,37.52166,126.83051,2020-05-18
서울특별시  양천구청,서울특별시 양천구 곰달래로6길 5-16,서울특별시 양천구 신월동 230-3,생활방범,4,200,360도 전방,30,2001-12,02-2620-4793,37.52937,126.83604,2020-05-18
서울특별시  양천구청,서울특별시 양천구 곰달래로14길 6-15,서울특별시 양천구 신월동 229-7,생활방범,4,200,360도 전방,30,2001-12,02-2620-4793,37.52942,126.83693999999998,2020-05-18
서울특별시  양천구청,서울특별시 양천구 월정로17길 24-20,서울특별시 양천구 신월동 232-33,생활방범,4,200,360도 전방,30,2001-12,02-2620-4793,37.5287,126.83621000000001,2020-05-18
서울특별시  양천구청,서울특별시 양천구 곰달래로10길 16-1,서울특별시 양천구 신월동 232-13,생활방범,4,200,360도 전방,30,2001-12,02-2620-4793,37.52858,126.83701,2020-05-18
서울특별시  양천구청,서울특별시 양천구 곰달래로6길 23,서울특별시 양천구 신월동 231-14,생활방범,5,200,360도 전방,30,2001-12,02-2620-4793,37.52793,126.83591000000001,2020-05-18
서울특별시  양천구청,서울특별시 양천구 곰달래로14길 22,서울특별시 양천구 신월동 234-21,생활방범,4,200,360도 전방,30,2001-12,02-2620-4793,37.52812,126.83878999999999,2020-05-18
서울특별시  양천구청,서울특별시 양천구 곰달래로 43,서울특별시 양천구 신월1동 117-34,생활방범,5,200,360도 전방,30,2001-12,02-2620-4793,37.5301,126.83764599999999,2020-05-18
서울특별시  양천구청,서울특별시 양천구 신월로20길 6-1,서울특별시 양천구 신월6동 601-9,생활방범,5,200,360도 전방,30,2001-12,02-2620-4793,37.519533,126.84478500000002,2020-05-18
서울특별시  양천구청,서울특별시 양천구 화곡로8길 19,서울특별시 양천구 신월5동 77-17,생활방범,4,200,360도 전방,30,2001-12,02-2620-4793,37.53756,126.82964299999999,2020-05-18
서울특별시  양천구청,서울특별시 양천구 가로공원로67길 14,서울특별시 양천구 신월5동 74-10,생활방범,4,200,360도 전방,30,2001-12,02-2620-4793,37.537665999999994,126.83049199999999,2020-05-18
서울특별시  양천구청,서울특별시 양천구 화곡로4길 25,서울특별시 양천구 신월5동 79-18,생활방범,3,200,360도 전방,30,2001-12,02-2620-4793,37.537328,126.828404,2020-05-18
서울특별시  양천구청,서울특별시 양천구 곰달래로3길 7,서울특별시 양천구 신월1동 126-28,생활방범,3,200,360도 전방,30,2001-12,02-2620-4793,37.530359999999995,126.833681,2020-05-18
서울특별시  양천구청,서울특별시 양천구 곰달래로 12,서울특별시 양천구 신월1동 224-27,생활방범,1,200,120도 전방,30,2001-12,02-2620-4793,37.529602000000004,126.83403,2020-05-18
서울특별시  양천구청,서울특별시 양천구 오목로15길 32-7,서울특별시 양천구 신월2동 467-5,생활방범,2,200,240도 전방,30,2001-12,02-2620-4793,37.526149,126.846705,2020-05-18
서울특별시  양천구청,서울특별시 양천구 중앙로51길 4,서울특별시 양천구 신월2동 474-10,생활방범,1,200,120도 전방,30,2001-12,02-2620-4793,37.525048,126.84975800000001,2020-05-18
서울특별시  양천구청,서울특별시 양천구 신월로22길 11-2,서울특별시 양천구 신월2동 606-16,생활방범,2,200,240도 전방,30,2001-12,02-2620-4793,37.520278999999995,126.846341,2020-05-18
서울특별시  양천구청,서울특별시 양천구 가로공원로58길 16-3,서울특별시 양천구 신월3동 152-27,생활방범,2,200,240도 전방,30,2001-12,02-2620-4793,37.533297,126.824303,2020-05-18
서울특별시  양천구청,서울특별시 양천구 남부순환로 430,서울특별시 양천구 신월3동 205-48,생활방범,1,200,120도 전방,30,2001-12,02-2620-4793,37.529315000000004,126.831985,2020-05-18
서울특별시  양천구청,서울특별시 양천구 오목로 46-2,서울특별시 양천구 신월동 517-5,생활방범,2,200,240도 전방,30,2001-12,02-2620-4793,37.521409000000006,126.842628,2020-05-18
서울특별시  양천구청,서울특별시 양천구 지양로16길 15,서울특별시 양천구 신월7동 916-6,생활방범,2,200,240도 전방,30,2001-12,02-2620-4793,37.524623,126.832858,2020-05-18
서울특별시  양천구청,서울특별시 양천구 신월로7길 12-1,서울특별시 양천구 신월7동 984-3,생활방범,1,200,120도 전방,30,2001-12,02-2620-4793,37.518205,126.833901,2020-05-18
서울특별시  양천구청,서울특별시 양천구 곰달래로9길 29,서울특별시 양천구 신월1동 111-25,생활방범,2,200,240도 전방,30,2001-12,02-2620-4793,37.532249,126.83461100000001,2020-05-18
서울특별시  양천구청,서울특별시 양천구 곰달래로5길 79,서울특별시 양천구 신월1동 144-1,생활방범,3,200,360도 전방,30,2001-12,02-2620-4793,37.535158,126.82981200000002,2020-05-18
서울특별시  양천구청,서울특별시 양천구 가로공원로66길 17,서울특별시 양천구 신월1동 95-19,생활방범,1,200,120도 전방,30,2001-12,02-2620-4793,37.535543,126.831543,2020-05-18
서울특별시  양천구청,서울특별시 양천구 월정로13길 2,서울특별시 양천구 신월1동 237-10,생활방범,2,200,240도 전방,30,2001-12,02-2620-4793,37.527085,126.839468,2020-05-18
서울특별시  양천구청,서울특별시 양천구 오목로11길 22,서울특별시 양천구 신월2동 482-1,생활방범,2,200,240도 전방,30,2001-12,02-2620-4793,37.524584000000004,126.844577,2020-05-18
서울특별시  양천구청,서울특별시 양천구 가로공원로58길 1,서울특별시 양천구 신월3동 153-1,생활방범,3,200,360도 전방,30,2001-12,02-2620-4793,37.534579,126.824478,2020-05-18
서울특별시  양천구청,서울특별시 양천구 남부순환로36길 19,서울특별시 양천구 신월3동 48-15,생활방범,2,200,240도 전방,30,2001-12,02-2620-4793,37.535944,126.82555900000001,2020-05-18
서울특별시  양천구청,서울특별시 양천구 남부순환로64길 13,서울특별시 양천구 신월3동 207-1,생활방범,3,200,360도 전방,30,2001-12,02-2620-4793,37.527662,126.832895,2020-05-18
서울특별시  양천구청,서울특별시 양천구 남부순환로 577,서울특별시 양천구 신월4동 547-10,생활방범,2,200,240도 전방,30,2001-12,02-2620-4793,37.517377,126.839702,2020-05-18
서울특별시  양천구청,서울특별시 양천구 남부순환로 497,서울특별시 양천구 신월4동 410-26,생활방범,2,200,240도 전방,30,2001-12,02-2620-4793,37.524482,126.83621399999998,2020-05-18
서울특별시  양천구청,서울특별시 양천구 남부순환로 33길 26,서울특별시 양천구 신월5동 77-4,생활방범,3,200,360도 전방,30,2001-12,02-2620-4793,37.538146999999995,126.83018100000001,2020-05-18
서울특별시  양천구청,서울특별시 양천구 화곡로4길 22,서울특별시 양천구 신월5동 51-1,생활방범,4,200,360도 전방,30,2001-12,02-2620-4793,37.537459999999996,126.827909,2020-05-18
서울특별시  양천구청,서울특별시 양천구 남부순환로70길 19-19,서울특별시 양천구 신월7동 973-14,생활방범,3,200,360도 전방,30,2001-12,02-2620-4793,37.520444,126.83559199999999,2020-05-18
서울특별시  양천구청,서울특별시 양천구 남부순환로66길 2,서울특별시 양천구 신월7동 926-8,생활방범,3,200,360도 전방,30,2001-12,02-2620-4793,37.523721,126.835572,2020-05-18
서울특별시  양천구청,서울특별시 양천구 지양로 95,서울특별시 양천구 신월7동 912-14,생활방범,2,200,240도 전방,30,2001-12,02-2620-4793,37.523309999999995,126.831731,2020-05-18
서울특별시  양천구청,서울특별시 양천구 남부순환로53길 15,서울특별시 양천구 신월1동 143-27,생활방범,2,200,240도 전방,30,2001-12,02-2620-4793,37.53496,126.83146399999998,2020-05-18
서울특별시  양천구청,서울특별시 양천구 가로공원로66길 29,서울특별시 양천구 신월1동 92-17,생활방범,4,200,360도 전방,30,2001-12,02-2620-4793,37.535876,126.83259699999999,2020-05-18
서울특별시  양천구청,서울특별시 양천구 월정로 117,서울특별시 양천구 신월1동 228-3,생활방범,3,200,360도 전방,30,2001-12,02-2620-4793,37.529427,126.83823600000001,2020-05-18
서울특별시  양천구청,서울특별시 양천구 곰달래로1길 61,서울특별시 양천구 신월1동 145-10,생활방범,4,200,360도 전방,30,2001-12,02-2620-4793,37.534517,126.83008000000001,2020-05-18
서울특별시  양천구청,서울특별시 양천구 신월로22길 17,서울특별시 양천구 신월2동 606-20,생활방범,3,200,360도 전방,30,2001-12,02-2620-4793,37.519798,126.846799,2020-05-18
서울특별시  양천구청,서울특별시 양천구 오목로10길 8,서울특별시 양천구 신월2동 513-9,생활방범,3,200,360도 전방,30,2001-12,02-2620-4793,37.521803000000006,126.844075,2020-05-18
서울특별시  양천구청,서울특별시 양천구 신월로22길 5,서울특별시 양천구 신월동 606-11,생활방범,3,200,360도 전방,30,2001-12,02-2620-4793,37.520324,126.845828,2020-05-18
서울특별시  양천구청,서울특별시 양천구 가로공원로56길 40,서울특별시 양천구 신월3동 159-2,생활방범,3,200,360도 전방,30,2001-12,02-2620-4793,37.535042,126.82718,2020-05-18
서울특별시  양천구청,서울특별시 양천구 가로공원로60길 33 마을마당놀이터,서울특별시 양천구 신월동 190-4,생활방범,3,200,360도 전방,30,2001-12,02-2620-4793,37.532469,126.825607,2020-05-18
서울특별시  양천구청,서울특별시 양천구 남부순환로54길 34,서울특별시 양천구 신월3동 171-28,생활방범,2,200,240도 전방,30,2001-12,02-2620-4793,37.531739,126.827905,2020-05-18
서울특별시  양천구청,서울특별시 양천구 가로공원로 151,서울특별시 양천구 신월5동 83-8,생활방범,2,200,240도 전방,30,2001-12,02-2620-4793,37.536707,126.83269399999999,2020-05-18
서울특별시  양천구청,서울특별시 양천구 남부순환로46길 37-1,서울특별시 양천구 신월동 175-5,생활방범,2,200,240도 전방,30,2001-12,02-2620-4793,37.53248,126.827076,2020-05-18
서울특별시  양천구청,서울특별시 양천구 화곡로3길 42,서울특별시 양천구 신월5동 8-5,생활방범,3,200,360도 전방,30,2001-12,02-2620-4793,37.542891,126.827818,2020-05-18
서울특별시  양천구청,서울특별시 양천구 화곡로12길 25,서울특별시 양천구 신월5동 71-16,생활방범,3,200,360도 전방,30,2001-12,02-2620-4793,37.537116999999995,126.831397,2020-05-18
서울특별시  양천구청,서울특별시 양천구 월정로 232,서울특별시 양천구 신월5동 63-1,생활방범,4,200,360도 전방,30,2001-12,02-2620-4793,37.538932,126.832943,2020-05-18
서울특별시  양천구청,서울특별시 양천구 지양로2길 35-1,서울특별시 양천구 신월동 991-9,생활방범,3,200,360도 전방,30,2001-12,02-2620-4793,37.519678000000006,126.83658700000001,2020-05-18
서울특별시  양천구청,서울특별시 양천구 남부순환로59길 3,서울특별시 양천구 신월동 136-8,생활방범,4,200,360도 전방,30,2001-12,02-2620-4793,37.53203,126.83175,2020-05-18
서울특별시  양천구청,서울특별시 양천구 곰달래로13길 74,서울특별시 양천구 신월동 90-17,생활방범,3,200,360도 전방,30,2001-12,02-2620-4793,37.53591,126.83398000000001,2020-05-18
서울특별시  양천구청,서울특별시 양천구 곰달래로7길 43,서울특별시 양천구 신월 109-30,생활방범,3,200,360도 전방,30,2001-12,02-2620-4793,37.53334,126.83333999999999,2020-05-18
서울특별시  양천구청,서울특별시 양천구 곰달래로5길 45-12,서울특별시 양천구 신월동 137-27,생활방범,3,200,360도 전방,30,2001-12,02-2620-4793,37.53332,126.83171999999999,2020-05-18
서울특별시  양천구청,서울특별시 양천구 중앙로49길 11-23,서울특별시 양천구 신월동 503-10,생활방범,3,200,360도 전방,30,2001-12,02-2620-4793,37.52304,126.84993,2020-05-18
서울특별시  양천구청,서울특별시 양천구 가로공원로64길 19,서울특별시 양천구 신월동 166-22,생활방범,3,200,360도 전방,30,2001-12,02-2620-4793,37.53414,126.82853999999999,2020-05-18
서울특별시  양천구청,서울특별시 양천구 남부순환로64길 37-11,서울특별시 양천구 신월동 207-77,생활방범,2,200,240도 전방,30,2001-12,02-2620-4793,37.52609,126.83362,2020-05-18
서울특별시  양천구청,서울특별시 양천구 남부순환로40길 84,서울특별시 양천구 신월동 183-12,생활방범,4,200,360도 전방,30,2001-12,02-2620-4793,37.53267,126.82524,2020-05-18
서울특별시  양천구청,서울특별시 양천구 남부순환로54길 57,서울특별시 양천구 신월동 187-22,생활방범,4,200,360도 전방,30,2001-12,02-2620-4793,37.53159,126.82534,2020-05-18
서울특별시  양천구청,서울특별시 양천구 오목로1길 17,서울특별시 양천구 신월동 437-4,생활방범,2,200,240도 전방,30,2001-12,02-2620-4793,37.52248,126.83766999999999,2020-05-18
서울특별시  양천구청,서울특별시 양천구 오목로3길 47,서울특별시 양천구 신월동 410-4,생활방범,4,200,360도 전방,30,2001-12,02-2620-4793,37.5253,126.83773000000001,2020-05-18
서울특별시  양천구청,서울특별시 양천구 월정로48길 20-1,서울특별시 양천구 신월동 20-14,생활방범,2,200,240도 전방,30,2001-12,02-2620-4793,37.54122,126.83295,2020-05-18
서울특별시  양천구청,서울특별시 양천구 남부순환로31길 20-6,서울특별시 양천구 신월동 56-19,생활방범,3,200,360도 전방,30,2001-12,02-2620-4793,37.538540000000005,126.82873000000001,2020-05-18
서울특별시  양천구청,서울특별시 양천구 가로공원로71길 6,서울특별시 양천구 신월동 88-33,생활방범,2,200,240도 전방,30,2001-12,02-2620-4793,37.53738,126.83457,2020-05-18
서울특별시  양천구청,서울특별시 양천구 지양로 167,서울특별시 양천구 신월동 331-24,생활방범,3,200,360도 전방,30,2001-12,02-2620-4793,37.522529999999996,126.82546,2020-05-18
서울특별시  양천구청,서울특별시 양천구 지양로15길 9-1,서울특별시 양천구 신월동 911-9,생활방범,2,200,240도 전방,30,2001-12,02-2620-4793,37.52302,126.83081999999999,2020-05-18
서울특별시  양천구청,서울특별시 양천구 남부순환로58길 33,서울특별시 양천구 신월동 205-35,생활방범,1,130,120도 전방,30,2001-12,02-2620-4793,37.529007,126.831245,2020-05-18
서울특별시  양천구청,서울특별시 양천구 절골8길 33,서울특별시 양천구 신월동 587 신남초 후문,생활방범,2,200,240도 전방,30,2001-12,02-2620-4793,37.51555,126.84478,2020-05-18
서울특별시  양천구청,,서울특별시 양천구 신월3동 168-1 양서중학교 정문앞,생활방범,2,130,240도 전방,30,2001-12,02-2620-4793,37.5336,126.829,2020-05-18
서울특별시  양천구청,서울특별시 양천구 남부순환로40길 46,서울특별시 양천구 신월동 158-23,생활방범,1,200,120도 전방,30,2001-12,02-2620-4793,37.533659,126.82691399999999,2020-05-18
서울특별시  양천구청,,서울특별시 양천구 신월7동 331-84,생활방범,1,130,120도 전방,30,2001-12,02-2620-4793,37.523990000000005,126.82845,2020-05-18
서울특별시  양천구청,서울특별시 양천구 남부순환로65길 2,서울특별시 양천구 신월동 217-1,생활방범,3,200,360도 전방,30,2001-12,02-2620-4793,37.52773,126.83388000000001,2020-05-18
서울특별시  양천구청,서울특별시 양천구 절골14길 28,서울특별시 양천구 신월동 590-21 신남초 후문 주변(신안아파트 방향),생활방범,2,200,240도 전방,30,2001-12,02-2620-4793,37.51542,126.84612,2020-05-18
서울특별시  양천구청,서울특별시 양천구 학등3길 24,서울특별시 양천구 신월동 567-1 신남초 후문 주변(대주아파트 방향),생활방범,2,200,240도 전방,30,2001-12,02-2620-4793,37.51467,126.84312,2020-05-18
서울특별시  양천구청,서울특별시 양천구 신월로24길 19,서울특별시 양천구 신월동1063-1,생활방범,2,200,240도 전방,30,2001-12,02-2620-4793,37.51982,126.84772,2020-05-18
서울특별시  양천구청,서울특별시 양천구 월정로13길 22-16,서울특별시 양천구 신월동 242-12,생활방범,3,200,360도 전방,30,2001-12,02-2620-4793,37.52727,126.83715,2020-05-18
서울특별시  양천구청,서울특별시 양천구 남부순환로61길 8,서울특별시 양천구 신월동 129-1,생활방범,4,200,360도 전방,30,2001-12,02-2620-4793,37.531,126.83248999999999,2020-05-18
서울특별시  양천구청,서울특별시 양천구 신월로24길 11,서울특별시 양천구 신월동 609-3,생활방범,3,200,360도 전방,30,2001-12,02-2620-4793,37.52081,126.84695,2020-05-18
서울특별시  양천구청,서울특별시 양천구 남부순환로60길 20-11,서울특별시 양천구 신월3동 195-50,생활방범,3,200,360도 전방,30,2001-12,02-2620-4793,37.53111,126.82913,2020-05-18
서울특별시  양천구청,서울특별시 양천구 가로공원로56길 1,서울특별시 양천구 신월동 151-29,생활방범,2,200,240도 전방,30,2001-12,02-2620-4793,37.53471,126.82303,2020-05-18
서울특별시  양천구청,서울특별시 양천구 남부순환로73길 12,서울특별시 양천구 신월동 527-1,생활방범,4,200,360도 전방,30,2001-12,02-2620-4793,37.52008,126.83963999999999,2020-05-18
서울특별시  양천구청,서울특별시 양천구 화곡로13길 7,서울특별시 양천구 신월5동 23-12,생활방범,3,200,360도 전방,30,2001-12,02-2620-4793,37.54038,126.83356,2020-05-18
서울특별시  양천구청,서울특별시 양천구 남부순환로29길 45,서울특별시 양천구 신월동 17-5,생활방범,5,200,360도 전방,30,2001-12,02-2620-4793,37.53999,126.83086999999999,2020-05-18
서울특별시  양천구청,서울특별시 양천구 곰달래로6길 16-13,서울특별시 양천구 신월1동 220-4,생활방범,5,200,360도 전방,30,2001-12,02-2620-4793,37.528399,126.834869,2020-05-18
서울특별시  양천구청,서울특별시 양천구 오목로 88,서울특별시 양천구 신월2동 507-3,생활방범,5,200,360도 전방,30,2001-12,02-2620-4793,37.522736,126.847555,2020-05-18
서울특별시  양천구청,서울특별시 양천구 남부순환로 52길 23,서울특별시 양천구 신월3동 172-1,생활방범,3,200,360도 전방,30,2001-12,02-2620-4793,37.532965999999995,126.828101,2020-05-18
서울특별시  양천구청,서울특별시 양천구 남부순환로 46길 54,서울특별시 양천구 신월3동 177-12,생활방범,3,200,360도 전방,30,2001-12,02-2620-4793,37.532653,126.826474,2020-05-18
서울특별시  양천구청,서울특별시 양천구 남부순환로 56가길 1,서울특별시 양천구 신월3동 198-38,생활방범,4,200,360도 전방,30,2001-12,02-2620-4793,37.532415,126.829567,2020-05-18
서울특별시  양천구청,서울특별시 양천구 오목로1길 43,서울특별시 양천구 신월4동 410-11,생활방범,3,200,360도 전방,30,2001-12,02-2620-4793,37.524921,126.837027,2020-05-18
서울특별시  양천구청,서울특별시 양천구 화곡로8길 14,서울특별시 양천구 신월5동 78-8,생활방범,4,200,360도 전방,30,2001-12,02-2620-4793,37.53816,126.829572,2020-05-18
서울특별시  양천구청,서울특별시 양천구 남부순환로72길 5-5,서울특별시 양천구 신월7동 998-8,생활방범,4,200,360도 전방,30,2001-12,02-2620-4793,37.520284000000004,126.83723400000001,2020-05-18
서울특별시  양천구청,서울특별시 양천구 은행정로 9,서울특별시 양천구 신정동 1024-22,생활방범,5,200,360도 전방,30,2001-12,02-2620-4793,37.519987,126.860266,2020-05-18
서울특별시  양천구청,서울특별시 양천구 중앙로36길 16-1,서울특별시 양천구 신정동 1049-1,생활방범,4,200,360도 전방,30,2001-12,02-2620-4793,37.51968,126.85666,2020-05-18
서울특별시  양천구청,서울특별시 양천구 목동동로1길 33,서울특별시 양천구 신정동 310-11,생활방범,3,200,360도 전방,30,2001-12,02-2620-4793,37.517102,126.857064,2020-05-18
서울특별시  양천구청,서울특별시 양천구 목동서로 340,서울특별시 양천구 신정동 312(907동-922동 사잇길),생활방범,3,200,360도 전방,30,2001-12,02-2620-4793,37.519302,126.86421499999999,2020-05-18
서울특별시  양천구청,서울특별시 양천구 목동동로8길 70,서울특별시 양천구 신정6동 목일중교-1420동 사이,생활방범,4,200,360도 전방,30,2001-12,02-2620-4793,37.514041,126.87423799999999,2020-05-18
서울특별시  양천구청,서울특별시 양천구 목동동로 100,서울특별시 양천구 신정6동 1308동 앞 사거리,생활방범,4,200,360도 전방,30,2001-12,02-2620-4793,37.512149,126.864534,2020-05-18
서울특별시  양천구청,서울특별시 양천구 오목로32길 20,서울특별시 양천구 신정4동 965-29,생활방범,5,200,360도 전방,30,2001-12,02-2620-4793,37.523218,126.85536299999998,2020-05-18
서울특별시  양천구청,서울특별시 양천구 목동로13길 7,서울특별시 양천구 신정4동 1004-1,생활방범,1,200,120도 전방,30,2001-12,02-2620-4793,37.523612,126.86348000000001,2020-05-18
서울특별시  양천구청,서울특별시 양천구 오목로30길 16,서울특별시 양천구 신정4동 967-11,생활방범,4,200,360도 전방,30,2001-12,02-2620-4793,37.52335,126.85378700000001,2020-05-18
서울특별시  양천구청,서울특별시 양천구 신정4동 876-1,서울특별시 양천구 신정4동 876-1,생활방범,1,200,120도 전방,30,2001-12,02-2620-4793,37.527696,126.85669399999999,2020-05-18
서울특별시  양천구청,서울특별시 양천구 목동로25길 29-1,서울특별시 양천구 신정4동 891-14,생활방범,1,200,120도 전방,30,2001-12,02-2620-4793,37.528215,126.861157,2020-05-18
서울특별시  양천구청,서울특별시 양천구 중앙로52길 26,서울특별시 양천구 신정4동 928-18,생활방범,5,200,360도 전방,30,2001-12,02-2620-4793,37.525599,126.853127,2020-05-18
서울특별시  양천구청,서울특별시 양천구 오목로23길 13,서울특별시 양천구 신정동 939-8(양동초 후문 사거리),생활방범,1,200,120도 전방,30,2001-12,02-2620-4793,37.52539,126.85101,2020-05-18
서울특별시  양천구청,서울특별시 양천구 중앙로25길 30,서울특별시 양천구 신정동 1156-20,생활방범,4,200,360도 전방,30,2001-12,02-2620-4793,37.515398,126.85123700000001,2020-05-18
서울특별시  양천구청,서울특별시 양천구 중앙로43길 13,서울특별시 양천구 신정3동 1183-28,생활방범,1,200,120도 전방,30,2001-12,02-2620-4793,37.5195,126.852732,2020-05-18
서울특별시  양천구청,서울특별시 양천구 중앙로45길 28-1,서울특별시 양천구 신정3동 1192-18,생활방범,2,200,240도 전방,30,2001-12,02-2620-4793,37.521653,126.85002800000001,2020-05-18
서울특별시  양천구청,서울특별시 양천구 신목로5길 23-2,서울특별시 양천구 신정2동 282-1,생활방범,1,200,120도 전방,30,2001-12,02-2620-4793,37.517070000000004,126.87205700000001,2020-05-18
서울특별시  양천구청,서울특별시 양천구 중앙로29길 34,서울특별시 양천구 신정3동1159-16,생활방범,1,200,120도 전방,30,2001-12,02-2620-4793,37.516578,126.850908,2020-05-18
서울특별시  양천구청,서울특별시 양천구 목동남로87,서울특별시 양천구 신정동 166-21 우세산업 뒤(은정초교),생활방범,3,200,360도 전방,30,2001-12,02-2620-4793,37.511314,126.86863899999999,2020-05-18
서울특별시  양천구청,서울특별시 양천구 목동서로 367,서울특별시 양천구 신정6동 322,생활방범,1,200,120도 전방,30,2001-12,02-2620-4793,37.516624,126.862953,2020-05-18
서울특별시  양천구청,서울특별시 양천구 목동동로100,서울특별시 양천구 신정동 327(1325동 앞 도로변),생활방범,1,200,120도 전방,30,2001-12,02-2620-4793,37.51665,126.86726999999999,2020-05-18
서울특별시  양천구청,서울특별시 양천구 중앙로46길 57,서울특별시 양천구 신정4동 957-16,생활방범,3,200,360도 전방,30,2001-12,02-2620-4793,37.522682,126.858226,2020-05-18
서울특별시  양천구청,서울특별시 양천구 은행정로7길 39,서울특별시 양천구 신정4동 976-5,생활방범,3,200,360도 전방,30,2001-12,02-2620-4793,37.521927000000005,126.85568,2020-05-18
서울특별시  양천구청,서울특별시 양천구 중앙로45길 27-33,서울특별시 양천구 신정3동 1200-7,생활방범,4,200,360도 전방,30,2001-12,02-2620-4793,37.520052,126.849956,2020-05-18
서울특별시  양천구청,서울특별시 양천구 신정중앙로2길 10,서울특별시 양천구 신정4동 936-16,생활방범,3,200,360도 전방,30,2001-12,02-2620-4793,37.527041,126.851716,2020-05-18
서울특별시  양천구청,서울특별시 양천구 목동남로4길 10,서울특별시 양천구 신정7동 202,생활방범,3,200,360도 전방,30,2001-12,02-2620-4793,37.508586,126.865183,2020-05-18
서울특별시  양천구청,서울특별시 양천구 신목로12길 11,서울특별시 양천구 신정동 120-75,생활방범,3,200,360도 전방,30,2001-12,02-2620-4793,37.520668,126.87502099999999,2020-05-18
서울특별시  양천구청,서울특별시 양천구 중앙로36길 8,서울특별시 양천구 신정동 1050-5,생활방범,3,200,360도 전방,30,2001-12,02-2620-4793,37.519374,126.85468,2020-05-18
서울특별시  양천구청,서울특별시 양천구 은행정로5길 38,서울특별시 양천구 신정동 1028-22,생활방범,3,200,360도 전방,30,2001-12,02-2620-4793,37.520790000000005,126.85558999999999,2020-05-18
서울특별시  양천구청,서울특별시 양천구 신목로2길 17,서울특별시 양천구 신정2동 127-71,생활방범,3,200,360도 전방,30,2001-12,02-2620-4793,37.519132,126.876196,2020-05-18
서울특별시  양천구청,서울특별시 양천구 신목로6길 34,서울특별시 양천구 신정동 119-65,생활방범,3,200,360도 전방,30,2001-12,02-2620-4793,37.521772,126.87560900000001,2020-05-18
서울특별시  양천구청,서울특별시 양천구 신목로 28,서울특별시 양천구 신정2동 128-204,생활방범,3,200,360도 전방,30,2001-12,02-2620-4793,37.518221999999994,126.873558,2020-05-18
서울특별시  양천구청,서울특별시 양천구 중앙로47길 6,서울특별시 양천구 신정동 1205-16,생활방범,3,200,360도 전방,30,2001-12,02-2620-4793,37.520656,126.851013,2020-05-18
서울특별시  양천구청,서울특별시 양천구 중앙로47길 21,서울특별시 양천구 신정3동 1184-1,생활방범,4,200,360도 전방,30,2001-12,02-2620-4793,37.519299,126.850766,2020-05-18
서울특별시  양천구청,서울특별시 양천구 중앙로47길 52-26,서울특별시 양천구 신정3동 1208-36,생활방범,4,200,360도 전방,30,2001-12,02-2620-4793,37.518618,126.849205,2020-05-18
서울특별시  양천구청,서울특별시 양천구 중앙로29길 49,서울특별시 양천구 신정3동 1157-1,생활방범,3,200,360도 전방,30,2001-12,02-2620-4793,37.515959,126.84856200000002,2020-05-18
서울특별시  양천구청,서울특별시 양천구 목동남로 87,서울특별시 양천구 신정동 166-21,생활방범,3,200,360도 전방,30,2001-12,02-2620-4793,37.51116,126.8686,2020-05-18
서울특별시  양천구청,서울특별시 양천구 중앙로48길 4,서울특별시 양천구 신정4동 971-2,생활방범,3,200,360도 전방,30,2001-12,02-2620-4793,37.52301,126.85224199999999,2020-05-18
서울특별시  양천구청,서울특별시 양천구 은행정로13길 12,서울특별시 양천구 신정4동 953-12,생활방범,3,200,360도 전방,30,2001-12,02-2620-4793,37.524705,126.85776200000001,2020-05-18
서울특별시  양천구청,서울특별시 양천구 오목로38길 22,서울특별시 양천구 신정4동 963-31,생활방범,5,200,360도 전방,30,2001-12,02-2620-4793,37.522940000000006,126.85646899999999,2020-05-18
서울특별시  양천구청,서울특별시 양천구 목동로11길 27,서울특별시 양천구 신정4동 1012-24,생활방범,3,200,360도 전방,30,2001-12,02-2620-4793,37.523114,126.86200500000001,2020-05-18
서울특별시  양천구청,서울특별시 양천구 국회대로8길 12,서울특별시 양천구 신정4동 894-22,생활방범,3,200,360도 전방,30,2001-12,02-2620-4793,37.528356,126.86196699999999,2020-05-18
서울특별시  양천구청,서울특별시 양천구 신정중앙로21길 2-2,서울특별시 양천구 신정4동 888-34,생활방범,3,200,360도 전방,30,2001-12,02-2620-4793,37.526582,126.862949,2020-05-18
서울특별시  양천구청,서울특별시 양천구 은행정로 93,서울특별시 양천구 신정4동 880-8,생활방범,4,200,360도 전방,30,2001-12,02-2620-4793,37.527981,126.858652,2020-05-18
서울특별시  양천구청,서울특별시 양천구 중앙로52길 16-10,서울특별시 양천구 신정4동 940-19,생활방범,3,200,360도 전방,30,2001-12,02-2620-4793,37.52499,126.85178,2020-05-18
서울특별시  양천구청,서울특별시 양천구 목동동로2길 68,서울특별시 양천구 신정동 325-8,생활방범,3,200,360도 전방,30,2001-12,02-2620-4793,37.509082,126.861976,2020-05-18
서울특별시  양천구청,서울특별시 양천구 목동남로4길 106-11,서울특별시 양천구 신정동 163-21,생활방범,3,200,360도 전방,30,2001-12,02-2620-4793,37.510688,126.870681,2020-05-18
서울특별시  양천구청,서울특별시 양천구 목동남로4길 68,서울특별시 양천구 신정7동 171-14 예성교회 건너편,생활방범,4,200,360도 전방,30,2001-12,02-2620-4793,37.509471000000005,126.86797299999999,2020-05-18
서울특별시  양천구청,서울특별시 양천구 은행정로6길 6-1,서울특별시 양천구 신정1동 1019-5,생활방범,3,130,360도 전방,30,2001-12,02-2620-4793,37.521383,126.86056699999999,2020-05-18
서울특별시  양천구청,서울특별시 양천구 중앙로34길 25-1,서울특별시 양천구 신정동 1031-22,생활방범,3,130,360도 전방,30,2001-12,02-2620-4793,37.520623,126.853572,2020-05-18
서울특별시  양천구청,서울특별시 양천구 중앙로34길 17,서울특별시 양천구 신정동 1032-4,생활방범,3,130,360도 전방,30,2001-12,02-2620-4793,37.519714,126.85401100000001,2020-05-18
서울특별시  양천구청,서울특별시 양천구 중앙로36길 28-1,서울특별시 양천구 신정1동 1049-35,생활방범,4,130,360도 전방,30,2001-12,02-2620-4793,37.519751,126.858065,2020-05-18
서울특별시  양천구청,,서울특별시 양천구 신정1동 목동아파트 904동 옆 대로변,생활방범,3,130,360도 전방,30,2001-12,02-2620-4793,37.52114,126.86588,2020-05-18
서울특별시  양천구청,서울특별시 양천구 신목로14길 24-1,서울특별시 양천구 신정2동 120-6,생활방범,4,130,360도 전방,30,2001-12,02-2620-4793,37.520598,126.876175,2020-05-18
서울특별시  양천구청,서울특별시 양천구 신목로 66-4,서울특별시 양천구 신정동 89-81,생활방범,4,130,360도 전방,30,2001-12,02-2620-4793,37.52075,126.873778,2020-05-18
서울특별시  양천구청,서울특별시 양천구 중앙로25길 48,서울특별시 양천구 신정3동 1157-7,생활방범,3,130,360도 전방,30,2001-12,02-2620-4793,37.51526,126.84886000000002,2020-05-18
서울특별시  양천구청,서울특별시 양천구 중앙로47길 13,서울특별시 양천구 신정3동 1187-1,생활방범,4,130,360도 전방,30,2001-12,02-2620-4793,37.520011,126.85066,2020-05-18
서울특별시  양천구청,서울특별시 양천구 은행정로 73,서울특별시 양천구 신정4동 909-14,생활방범,5,130,360도 전방,30,2001-12,02-2620-4793,37.526433000000004,126.858861,2020-05-18
서울특별시  양천구청,서울특별시 양천구 오목로37길 6,서울특별시 양천구 신정4동 915-23,생활방범,4,130,360도 전방,30,2001-12,02-2620-4793,37.525525,126.85628600000001,2020-05-18
서울특별시  양천구청,서울특별시 양천구 신정중앙로12길 4,서울특별시 양천구 신정4동 926-6,생활방범,4,130,360도 전방,30,2001-12,02-2620-4793,37.527075,126.85436899999999,2020-05-18
서울특별시  양천구청,서울특별시 양천구 은행정로17길 55,서울특별시 양천구 신정4동 931-1,생활방범,3,130,360도 전방,30,2001-12,02-2620-4793,37.52733,126.852644,2020-05-18
서울특별시  양천구청,서울특별시 양천구 중앙로48길 55,서울특별시 양천구 신정4동 951-12,생활방범,4,130,360도 전방,30,2001-12,02-2620-4793,37.524196,126.857552,2020-05-18
서울특별시  양천구청,서울특별시 양천구 신정4동 949-4 안산어린이공원 앞,서울특별시 양천구신정4동 949-4 안산어린이공원 앞,생활방범,4,130,360도 전방,30,2001-12,02-2620-4793,37.524551,126.85646000000001,2020-05-18
서울특별시  양천구청,서울특별시 양천구 목동서로 280,서울특별시 양천구 신정6동 809동 앞,생활방범,3,130,360도 전방,30,2001-12,02-2620-4793,37.521060999999996,126.86861100000002,2020-05-18
서울특별시  양천구청,서울특별시 양천구 목동남로4길 56-32,서울특별시 양천구 신정7동 337-13,생활방범,3,130,360도 전방,30,2001-12,02-2620-4793,37.508154,126.86838300000001,2020-05-18
서울특별시  양천구청,서울특별시 양천구 중앙로 222-7,서울특별시 양천구 신정1동 1052-22,생활방범,4,130,360도 전방,30,2001-12,02-2620-4793,37.516684999999995,126.85526200000001,2020-05-18
서울특별시  양천구청,서울특별시 양천구 중앙로 226-3,서울특별시 양천구 신정1동 1052-9,생활방범,3,130,360도 전방,30,2001-12,02-2620-4793,37.516998,126.85498,2020-05-18
서울특별시  양천구청,서울특별시 양천구 신월로36길 5,서울특별시 양천구 신정동 1025-1,생활방범,5,130,360도 전방,30,2001-12,02-2620-4793,37.521125,126.858116,2020-05-18
서울특별시  양천구청,서울특별시 양천구 신목로14길 17,서울특별시 양천구 신정2동 119-71,생활방범,4,130,360도 전방,30,2001-12,02-2620-4793,37.521159999999995,126.875846,2020-05-18
서울특별시  양천구청,서울특별시 양천구 신목로4길 21,서울특별시 양천구 신정2동 120-24,생활방범,5,130,360도 전방,30,2001-12,02-2620-4793,37.51992,126.87563999999999,2020-05-18
서울특별시  양천구청,서울특별시 양천구 오목로32길 8-1,서울특별시 양천구 신정4동 946-16,생활방범,4,200,360도 전방,30,2001-12,02-2620-4793,37.524131,126.85466699999999,2020-05-18
서울특별시  양천구청,서울특별시 양천구 오목로34길 9,서울특별시 양천구 신정4동 950-20,생활방범,5,130,360도 전방,30,2001-12,02-2620-4793,37.523944,126.85569,2020-05-18
서울특별시  양천구청,서울특별시 양천구 오목로29길 5,서울특별시 양천구 신정4동 928-27,생활방범,4,130,360도 전방,30,2001-12,02-2620-4793,37.525211,126.85346200000001,2020-05-18
서울특별시  양천구청,서울특별시 양천구 오목로37길 21,서울특별시 양천구 신정4동 919-9,생활방범,5,130,360도 전방,30,2001-12,02-2620-4793,37.526855,126.856071,2020-05-18
서울특별시  양천구청,서울특별시 양천구 은행정로18길 9,서울특별시 양천구 신정4동 905-6,생활방범,5,200,360도 전방,30,2001-12,02-2620-4793,37.52608,126.86093999999999,2020-05-18
서울특별시  양천구청,,서울특별시 양천구 신정4동 888-1 오구어린이공원 앞,생활방범,5,130,360도 전방,30,2001-12,02-2620-4793,37.527435,126.86183899999999,2020-05-18
서울특별시  양천구청,서울특별시 양천구 신정중앙로15길 5,서울특별시 양천구 신정4동 873-16,생활방범,4,130,360도 전방,30,2001-12,02-2620-4793,37.527927000000005,126.855827,2020-05-18
서울특별시  양천구청,서울특별시 양천구 목동동로 100,서울특별시 양천구 신정6동 1315동 앞,생활방범,3,130,360도 전방,30,2001-12,02-2620-4793,37.514907,126.86671399999999,2020-05-18
서울특별시  양천구청,서울특별시 양천구 목동서로 391,서울특별시 양천구 신정7동 324-2,생활방범,5,130,360도 전방,30,2001-12,02-2620-4793,37.515514,126.86103,2020-05-18
서울특별시  양천구청,서울특별시 양천구 신목로6길 6,서울특별시 양천구 신정2동 128-90,생활방범,4,130,360도 전방,30,2001-12,02-2620-4793,37.519385,126.873791,2020-05-18
서울특별시  양천구청,서울특별시 양천구 신목로 5,서울특별시 양천구 신정2동 삼성아파트 상가동 앞 도로변,생활방범,3,130,360도 전방,30,2001-12,02-2620-4793,37.515706,126.876349,2020-05-18
서울특별시  양천구청,서울특별시 양천구 중앙로47길 52-2,서울특별시 양천구 신정3동 1220-5,생활방범,4,130,360도 전방,30,2001-12,02-2620-4793,37.517236,126.8492,2020-05-18
서울특별시  양천구청,서울특별시 양천구 오목로50길 17,서울특별시 양천구 신정동 995-3 휘버스아파트 앞,생활방범,5,130,360도 전방,30,2001-12,02-2620-4793,37.523984999999996,126.864056,2020-05-18
서울특별시  양천구청,서울특별시 양천구 오목로 236,서울특별시 양천구 신정4동 994-1,생활방범,4,200,360도 전방,30,2001-12,02-2620-4793,37.525834,126.863671,2020-05-18
서울특별시  양천구청,서울특별시 양천구 오목로23길 8,서울특별시 양천구 신정4동 940-4,생활방범,3,130,360도 전방,30,2001-12,02-2620-4793,37.524685,126.85116599999999,2020-05-18
서울특별시  양천구청,서울특별시 양천구 신정중앙로14길 8-1,서울특별시 양천구 신정4동 924-9,생활방범,5,200,360도 전방,30,2001-12,02-2620-4793,37.526383,126.85484299999999,2020-05-18
서울특별시  양천구청,서울특별시 양천구 목동동로 130,서울특별시 양천구 신정6동 1426동 앞 진입로,생활방범,3,130,360도 전방,30,2001-12,02-2620-4793,37.5141,126.87619,2020-05-18
서울특별시  양천구청,서울특별시 양천구 목동동로105,서울특별시 양천구 신정6동 양천구청 앞,생활방범,1,200,120도 전방,30,2001-12,02-2620-4793,37.51664,126.86658999999999,2020-05-18
서울특별시  양천구청,서울특별시 양천구 신목로2길 7,서울특별시 양천구 신정2동 130-1,생활방범,4,200,360도 전방,30,2001-12,02-2620-4793,37.51845,126.87596,2020-05-18
서울특별시  양천구청,서울특별시 양천구 중앙로43길 28,서울특별시 양천구 신정3동 1180-30,생활방범,3,200,360도 전방,30,2001-12,02-2620-4793,37.51831,126.85275,2020-05-18
서울특별시  양천구청,서울특별시 양천구 신정로13길 11,서울특별시 양천구 신정동 1290-3,생활방범,3,200,360도 전방,30,2001-12,02-2620-4793,37.5106,126.8433,2020-05-18
서울특별시  양천구청,서울특별시 양천구 중앙로46길 22,서울특별시 양천구 신정4동 974-23,생활방범,4,200,360도 전방,30,2001-12,02-2620-4793,37.52217,126.85453000000001,2020-05-18
서울특별시  양천구청,서울특별시 양천구 중앙로46길 11,서울특별시 양천구 신정4동 969-11,생활방범,4,200,360도 전방,30,2001-12,02-2620-4793,37.52207,126.85342,2020-05-18
서울특별시  양천구청,서울특별시 양천구 오목로29길 22,서울특별시 양천구 신정4동 925-34,생활방범,4,200,360도 전방,30,2001-12,02-2620-4793,37.52655,126.85383,2020-05-18
서울특별시  양천구청,서울특별시 양천구 목동서로 301-5,서울특별시 양천구 신정6동 319-20,생활방범,3,200,360도 전방,30,2001-12,02-2620-4793,37.52013,126.86944,2020-05-18
서울특별시  양천구청,,서울특별시 양천구 신정7동 양천구청역 1번출구에서 60m,생활방범,3,200,360도 전방,30,2001-12,02-2620-4793,37.51044,126.86401000000001,2020-05-18
서울특별시  양천구청,서울특별시 양천구 목동남로 68,서울특별시 양천구 신정7동 210-4,생활방범,2,200,240도 전방,30,2001-12,02-2620-4793,37.50965,126.86661000000001,2020-05-18
서울특별시  양천구청,서울특별시 양천구 은행정로4길 23,서울특별시 양천구 신정1동 1016-10,생활방범,5,200,360도 전방,30,2001-12,02-2620-4793,37.521594,126.86223600000001,2020-05-18
서울특별시  양천구청,서울특별시 양천구 목동동로10길 12,서울특별시 양천구 신정2동 294-18,생활방범,4,200,360도 전방,30,2001-12,02-2620-4793,37.518879999999996,126.87113000000001,2020-05-18
서울특별시  양천구청,서울특별시 양천구 중앙로47길 39,서울특별시 양천구 신정3동 1161-1,생활방범,4,200,360도 전방,30,2001-12,02-2620-4793,37.518096,126.849602,2020-05-18
서울특별시  양천구청,서울특별시 양천구 은행정로19길 13,서울특별시 양천구 신정4동 877-7,생활방범,4,200,360도 전방,30,2001-12,02-2620-4793,37.52793,126.85731000000001,2020-05-18
서울특별시  양천구청,서울특별시 양천구 오목로42길 6,서울특별시 양천구 신정4동 986-11,생활방범,4,200,360도 전방,30,2001-12,02-2620-4793,37.524809999999995,126.860399,2020-05-18
서울특별시  양천구청,서울특별시 양천구 목동남로2길 60-34,서울특별시 양천구 신정동 197-2,생활방범,2,200,240도 전방,30,2001-12,02-2620-4793,37.508996,126.86843700000001,2020-05-18
서울특별시  양천구청,서울특별시 양천구 오목로24길 21,서울특별시 양천구 신정4동 969-1,생활방범,4,200,360도 전방,30,2001-12,02-2620-4793,37.522534,126.852538,2020-05-18
서울특별시  양천구청,서울특별시 양천구 목동로25길 5,서울특별시 양천구 신정4동 890-16,생활방범,5,200,360도 전방,30,2001-12,02-2620-4793,37.527713,126.863345,2020-05-18
서울특별시  양천구청,서울특별시 양천구 안양천로788,서울특별시 양천구 신정6동 871-37,생활방범,4,200,360도 전방,30,2001-12,02-2620-4793,37.514145,126.87671200000001,2020-05-18
서울특별시  양천구청,,서울특별시 양천구 신정2동 137-2,생활방범,3,200,360도 전방,30,2001-12,02-2620-4793,37.520434,126.87803400000001,2020-05-18
서울특별시  양천구청,서울특별시 양천구 신목로5길 23-18,서울특별시 양천구 신정동 282-27,생활방범,3,200,360도 전방,30,2001-12,02-2620-4793,37.516459999999995,126.87252,2020-05-18
서울특별시  양천구청,서울특별시 양천구 신정로 11길 63,서울특별시 양천구 신정3동 1283,생활방범,5,200,360도 전방,30,2001-12,02-2620-4793,37.510692,126.836518,2020-05-18
서울특별시  양천구청,서울특별시 양천구 목동서로 339 (양천보건소),서울특별시 양천구 신정6동 321-5,생활방범,5,200,360도 전방,30,2001-12,02-2620-4793,37.517408,126.865834,2020-05-18
서울특별시  양천구청,서울특별시 양천구 목동동로 73,서울특별시 양천구 신정7동 323-12,생활방범,5,200,360도 전방,30,2001-12,02-2620-4793,37.516098,126.86286399999999,2020-05-18
서울특별시  양천구청,,서울특별시 양천구 신정7동 168-26 갈산어르신사랑방,생활방범,3,200,360도 전방,30,2001-12,02-2620-4793,37.510932000000004,126.868251,2020-05-18
서울특별시  양천구청,,서울특별시 양천구 신정7동 168-26 목공소,생활방범,3,200,360도 전방,30,2001-12,02-2620-4793,37.510467,126.86736200000001,2020-05-18
서울특별시  양천구청,서울특별시 양천구 은행정로6길 24,서울특별시 양천구 신정동 1016-9,생활방범,1,200,120도 전방,30,2001-12,02-2620-4793,37.521729,126.862301,2020-05-18
서울특별시  양천구청,서울특별시 양천구 중앙로45길 38,서울특별시 양천구 신정3동 1193-19,생활방범,1,200,120도 전방,30,2001-12,02-2620-4793,37.521903,126.84871399999999,2020-05-18
서울특별시  양천구청,서울특별시 양천구 남부순환로 698,서울특별시 양천구 신정3동 739-13,생활방범,1,200,120도 전방,30,2001-12,02-2620-4793,37.506923,126.843572,2020-05-18
서울특별시  양천구청,서울특별시 양천구 남부순환로 698,서울특별시 양천구 신정3동 739-13 공원안쪽,생활방범,1,200,120도 전방,30,2001-12,02-2620-4793,37.507923,126.844572,2020-05-18
서울특별시  양천구청,서울특별시 양천구 은행정로19가길 14-1,서울특별시 양천구 신정4동 875-19,생활방범,1,200,120도 전방,30,2001-12,02-2620-4793,37.528335,126.857064,2020-05-18
서울특별시  양천구청,서울특별시 양천구 오목로32길 17-5,서울특별시 양천구 신정4동 963-27,생활방범,2,200,240도 전방,30,2001-12,02-2620-4793,37.523319,126.85543100000001,2020-05-18
서울특별시  양천구청,서울특별시 양천구 은행정로20길 5-7,서울특별시 양천구 신정4동 881-11,생활방범,2,200,240도 전방,30,2001-12,02-2620-4793,37.528597999999995,126.859017,2020-05-18
서울특별시  양천구청,서울특별시 양천구 중앙로32길 17,서울특별시 양천구 신정동 311-11,생활방범,1,200,120도 전방,30,2001-12,02-2620-4793,37.51905,126.8559,2020-05-18
서울특별시  양천구청,서울특별시 양천구 신목로2길 47-9,서울특별시 양천구 신정2동 119-25,생활방범,2,200,240도 전방,30,2001-12,02-2620-4793,37.522026000000004,126.87648700000001,2020-05-18
서울특별시  양천구청,서울특별시 양천구 중앙로47길 27,서울특별시 양천구 신정3동 1169-1,생활방범,2,200,240도 전방,30,2001-12,02-2620-4793,37.518619,126.850597,2020-05-18
서울특별시  양천구청,서울특별시 양천구 남부순환로 700,서울특별시 양천구 신정3동 739-15,생활방범,2,200,240도 전방,30,2001-12,02-2620-4793,37.50687,126.84374,2020-05-18
서울특별시  양천구청,,서울특별시 양천구신정동 1322-3,생활방범,2,200,240도 전방,30,2001-12,02-2620-4793,37.514611,126.828275,2020-05-18
서울특별시  양천구청,서울특별시 양천구 남부순환로88길 5-16,서울특별시 양천구 신정3동 754-5,생활방범,2,200,240도 전방,30,2001-12,02-2620-4793,37.51036,126.841315,2020-05-18
서울특별시  양천구청,서울특별시 양천구 은행정로15길 10,서울특별시 양천구 신정4동 909-24,생활방범,2,200,240도 전방,30,2001-12,02-2620-4793,37.525890999999994,126.858048,2020-05-18
서울특별시  양천구청,서울특별시 양천구 중앙로 52길 24-12,서울특별시 양천구 신정4동 928-11,생활방범,2,200,240도 전방,30,2001-12,02-2620-4793,37.524674,126.852898,2020-05-18
서울특별시  양천구청,서울특별시 양천구 중앙로52길 40-5,서울특별시 양천구 신정4동 923-35,생활방범,2,200,240도 전방,30,2001-12,02-2620-4793,37.525441,126.854827,2020-05-18
서울특별시  양천구청,서울특별시 양천구 은행정로7길 14,서울특별시 양천구 신정4동 979-34,생활방범,3,200,360도 전방,30,2001-12,02-2620-4793,37.522362,126.857975,2020-05-18
서울특별시  양천구청,서울특별시 양천구 신정중앙로17길 15,서울특별시 양천구 신정4동 882-11,생활방범,2,200,240도 전방,30,2001-12,02-2620-4793,37.528265000000005,126.85992900000001,2020-05-18
서울특별시  양천구청,,서울특별시 양천구 신정7동 177-20 등산로 입구,생활방범,2,200,240도 전방,30,2001-12,02-2620-4793,37.504898,126.868081,2020-05-18
서울특별시  양천구청,서울특별시 양천구 신목로2길 25,서울특별시 양천구 신정동 127-80,생활방범,2,200,240도 전방,30,2001-12,02-2620-4793,37.520173,126.876571,2020-05-18
서울특별시  양천구청,서울특별시 양천구 신월로38길 10,서울특별시 양천구 신정동 1019-19,생활방범,4,200,360도 전방,30,2001-12,02-2620-4793,37.521101,126.861152,2020-05-18
서울특별시  양천구청,서울특별시 양천구 중앙로29길 42-16,서울특별시 양천구 신정동 1159-2,생활방범,2,200,240도 전방,30,2001-12,02-2620-4793,37.516698999999996,126.84943799999999,2020-05-18
서울특별시  양천구청,서울특별시 양천구 중앙로45길 31-16,서울특별시 양천구 신정3동 1197-8,생활방범,1,200,120도 전방,30,2001-12,02-2620-4793,37.521421999999994,126.848808,2020-05-18
서울특별시  양천구청,서울특별시 양천구 신정로14길 6 양천고 정문 앞,서울특별시 양천구 신정동 1293,생활방범,3,200,360도 전방,30,2001-12,02-2620-4793,37.508563,126.844838,2020-05-18
서울특별시  양천구청,서울특별시 양천구 오목로30길 6,서울특별시 양천구 신정동 945-6,생활방범,4,200,360도 전방,30,2001-12,02-2620-4793,37.524004,126.85328600000001,2020-05-18
서울특별시  양천구청,서울특별시 양천구 목동로29길 1,서울특별시 양천구 신정동 896-7,생활방범,3,200,360도 전방,30,2001-12,02-2620-4793,37.529005,126.863248,2020-05-18
서울특별시  양천구청,서울특별시 양천구 은행정로 57,서울특별시 양천구 신정동 954-12,생활방범,4,200,360도 전방,30,2001-12,02-2620-4793,37.52495,126.85905100000001,2020-05-18
서울특별시  양천구청,서울특별시 양천구 목동로21길 7,서울특별시 양천구 신정4동 990-16,생활방범,4,200,360도 전방,30,2001-12,02-2620-4793,37.525315,126.862851,2020-05-18
서울특별시  양천구청,서울특별시 양천구 오목로40길 16-1,서울특별시 양천구 신정4동 960-14,생활방범,3,200,360도 전방,30,2001-12,02-2620-4793,37.523095,126.85776899999999,2020-05-18
서울특별시  양천구청,서울특별시 양천구 목동로29길 15,서울특별시 양천구 신정4동 894-13,생활방범,3,200,360도 전방,30,2001-12,02-2620-4793,37.528736,126.861577,2020-05-18
서울특별시  양천구청,서울특별시 양천구 목동남로4길 43-9,서울특별시 양천구 신정동 208-31,생활방범,2,200,240도 전방,30,2001-12,02-2620-4793,37.509265,126.866428,2020-05-18
서울특별시  양천구청,서울특별시 양천구 신목로5길 12,서울특별시 양천구 신정동 144-102,생활방범,2,200,240도 전방,30,2001-12,02-2620-4793,37.51809,126.87244,2020-05-18
서울특별시  양천구청,서울특별시 양천구 중앙로39길 21,서울특별시 양천구 신정동 1208-1,생활방범,4,200,360도 전방,30,2001-12,02-2620-4793,37.519290000000005,126.85,2020-05-18
서울특별시  양천구청,서울특별시 양천구 신정동 805-13 양천차고지~지양산,서울특별시 양천구 신정동 805-13 양천차고지~지양산,생활방범,3,200,360도 전방,30,2001-12,02-2620-4793,37.509440000000005,126.83707,2020-05-18
서울특별시  양천구청,서울특별시 양천구 중앙로29길 43,서울특별시 양천구 신정동 1157-28,생활방범,4,200,360도 전방,30,2001-12,02-2620-4793,37.51611,126.8494,2020-05-18
서울특별시  양천구청,서울특별시 양천구 신정로7길 76 푸른마을 201~202 사이,서울특별시 양천구 신정동 1281,생활방범,2,200,240도 전방,30,2001-12,02-2620-4793,37.51316,126.83485,2020-05-18
서울특별시  양천구청,서울특별시 양천구 은행정로11길 10,서울특별시 양천구 신정동 955-20,생활방범,3,200,360도 전방,30,2001-12,02-2620-4793,37.52394,126.85817,2020-05-18
서울특별시  양천구청,서울특별시 양천구 오목로26길 17-6,서울특별시 양천구 신정동 967-17,생활방범,3,200,360도 전방,30,2001-12,02-2620-4793,37.52283,126.85346000000001,2020-05-18
서울특별시  양천구청,서울특별시 양천구 은행정로 85-6,서울특별시 양천구 신정동 879-8,생활방범,2,200,240도 전방,30,2001-12,02-2620-4793,37.52752,126.85819,2020-05-18
서울특별시  양천구청,서울특별시 양천구 오목로 154,서울특별시 양천구 신정동 947-4,생활방범,3,200,360도 전방,30,2001-12,02-2620-4793,37.52471,126.85445,2020-05-18
서울특별시  양천구청,서울특별시 양천구 오목로30길 26,서울특별시 양천구 신정동 968-8,생활방범,3,200,360도 전방,30,2001-12,02-2620-4793,37.52277,126.85435,2020-05-18
서울특별시  양천구청,서울특별시 양천구 신정중앙로4길 2-2,서울특별시 양천구 신정동 933-16,생활방범,3,200,360도 전방,30,2001-12,02-2620-4793,37.527159999999995,126.85198999999999,2020-05-18
서울특별시  양천구청,서울특별시 양천구 신정동 276-1 (양천아파트 입구 지하차도),서울특별시 양천구 신정동 276-1,생활방범,2,200,240도 전방,30,2001-12,02-2620-4793,37.50922,126.86187,2020-05-18
서울특별시  양천구청,서울특별시 양천구 목동남로4길 56-7,서울특별시 양천구 신정동 337-11,생활방범,3,200,360도 전방,30,2001-12,02-2620-4793,37.50898,126.86755,2020-05-18
서울특별시  양천구청,서울특별시 양천구 신정중앙로 84,서울특별시 양천구 신정4동 904-6,생활방범,1,130,120도 전방,30,2001-12,02-2620-4793,37.52608,126.86093999999999,2020-05-18
서울특별시  양천구청,서울특별시 양천구 오목로30길 23-16,서울특별시 양천구 신정동 965-28,생활방범,2,200,240도 전방,30,2001-12,02-2620-4793,37.52302,126.85456,2020-05-18
서울특별시  양천구청,서울특별시 양천구 신목로14길 6,서울특별시 양천구 신정2동 117-5,생활방범,3,200,360도 전방,30,2001-12,02-2620-4793,37.52207,126.87481000000001,2020-05-18
서울특별시  양천구청,서울특별시 양천구 중앙로45길 21-24,서울특별시 양천구 신정3동 1201-11,생활방범,3,200,360도 전방,30,2001-12,02-2620-4793,37.52045,126.85032,2020-05-18
서울특별시  양천구청,서울특별시 양천구 중앙로29길 120-10,서울특별시 양천구 신정동 1196-2,생활방범,3,200,360도 전방,30,2001-12,02-2620-4793,37.52203,126.84773999999999,2020-05-18
서울특별시  양천구청,서울특별시 양천구 중앙로33길 28,서울특별시 양천구 신정동 1161-7,생활방범,3,200,360도 전방,30,2001-12,02-2620-4793,37.51762,126.85003,2020-05-18
서울특별시  양천구청,서울특별시 양천구 신정중앙로15길 5-11,서울특별시 양천구 신정4동 874-1,생활방범,3,200,360도 전방,30,2001-12,02-2620-4793,37.528040000000004,126.85461000000001,2020-05-18
서울특별시  양천구청,서울특별시 양천구 신정중앙로2길 1,서울특별시 양천구 신정동 934-16,생활방범,4,200,360도 전방,30,2001-12,02-2620-4793,37.52755,126.85155,2020-05-18
서울특별시  양천구청,서울특별시 양천구 오목로38길 13-18,서울특별시 양천구 신정동 960-8,생활방범,2,200,240도 전방,30,2001-12,02-2620-4793,37.52349,126.85711,2020-05-18
서울특별시  양천구청,서울특별시 양천구 목동남로2길 63,서울특별시 양천구 신정7동 179-1,생활방범,3,200,360도 전방,30,2001-12,02-2620-4793,37.50594,126.86421999999999,2020-05-18
서울특별시  양천구청,서울특별시 양천구 신월로36길 19,서울특별시 양천구 신정1동 1023-23,생활방범,5,200,360도 전방,30,2001-12,02-2620-4793,37.519937,126.85866000000001,2020-05-18
서울특별시  양천구청,서울특별시 양천구 목동동로 172,서울특별시 양천구 신정2동 88-1,생활방범,4,200,360도 전방,30,2001-12,02-2620-4793,37.521106,126.87229099999999,2020-05-18
서울특별시  양천구청,서울특별시 양천구 중앙로 45길 27-17,서울특별시 양천구 신정3동 1199-7,생활방범,4,200,360도 전방,30,2001-12,02-2620-4793,37.520928999999995,126.849732,2020-05-18
서울특별시  양천구청,서울특별시 양천구 중앙로27길 30,서울특별시 양천구 신정3동 1155-24,생활방범,4,200,360도 전방,30,2001-12,02-2620-4793,37.515946,126.851475,2020-05-18
서울특별시  양천구청,서울특별시 양천구 신정로14길 13,서울특별시 양천구 신정3동 산109-1,생활방범,4,200,360도 전방,30,2001-12,02-2620-4793,37.509664,126.846503,2020-05-18
서울특별시  양천구청,서울특별시 양천구 신정중앙로 10길 13,서울특별시 양천구 신정4동 927-14,생활방범,2,200,240도 전방,30,2001-12,02-2620-4793,37.526610999999995,126.85298600000002,2020-05-18
서울특별시  양천구청,서울특별시 양천구 은행정로 30,서울특별시 양천구 신정4동 982-1,생활방범,2,200,240도 전방,30,2001-12,02-2620-4793,37.522414000000005,126.85943600000002,2020-05-18
서울특별시  양천구청,서울특별시 양천구 오목로27길 5,서울특별시 양천구 신정4동 929-22,생활방범,2,200,240도 전방,30,2001-12,02-2620-4793,37.525205,126.852799,2020-05-18
서울특별시  양천구청,서울특별시 양천구 신정중앙로19길2,서울특별시 양천구 신정4동 887-1,생활방범,5,200,360도 전방,30,2001-12,02-2620-4793,37.522115,126.856602,2020-05-18
서울특별시  양천구청,서울특별시 양천구 목동로3길 41(은정초교 육교 중앙),서울특별시 양천구 신정동 276,생활방범,2,200,240도 전방,30,2001-12,02-2620-4793,37.511897,126.867698,2020-05-18
